-- --------------------------------------------------------
-- Host:                         127.0.0.1
-- Versión del servidor:         5.7.33 - MySQL Community Server (GPL)
-- SO del servidor:              Win64
-- HeidiSQL Versión:             11.2.0.6213
-- --------------------------------------------------------

/*!40101 SET @OLD_CHARACTER_SET_CLIENT=@@CHARACTER_SET_CLIENT */;
/*!40101 SET NAMES utf8 */;
/*!50503 SET NAMES utf8mb4 */;
/*!40014 SET @OLD_FOREIGN_KEY_CHECKS=@@FOREIGN_KEY_CHECKS, FOREIGN_KEY_CHECKS=0 */;
/*!40101 SET @OLD_SQL_MODE=@@SQL_MODE, SQL_MODE='NO_AUTO_VALUE_ON_ZERO' */;
/*!40111 SET @OLD_SQL_NOTES=@@SQL_NOTES, SQL_NOTES=0 */;


-- Volcando estructura de base de datos para cat
CREATE DATABASE IF NOT EXISTS `cat` /*!40100 DEFAULT CHARACTER SET latin1 */;
USE `cat`;

-- Volcando estructura para tabla cat.alumnos
CREATE TABLE IF NOT EXISTS `alumnos` (
  `id` int(11) NOT NULL AUTO_INCREMENT,
  `nombre` varchar(50) NOT NULL,
  `nocontrol` varchar(12) NOT NULL,
  `carrera` varchar(50) NOT NULL,
  `entrada` varchar(50) NOT NULL,
  `enhora` varchar(50) NOT NULL,
  `sahora` varchar(50) DEFAULT NULL,
  PRIMARY KEY (`id`)
) ENGINE=InnoDB AUTO_INCREMENT=297 DEFAULT CHARSET=latin1;

-- Volcando datos para la tabla cat.alumnos: ~3 rows (aproximadamente)
/*!40000 ALTER TABLE `alumnos` DISABLE KEYS */;
INSERT INTO `alumnos` (`id`, `nombre`, `nocontrol`, `carrera`, `entrada`, `enhora`, `sahora`) VALUES
	(294, 'JORGE ORLANDO ORTIZ CASTAEDA', '17670034', 'ING SISTEMAS COMPUTACIONALES', '15-12-2021', '01:27:54 am', '01:28:00 am'),
	(295, 'JORGE ORLANDO ORTIZ CASTAEDA', '17670034', 'ING SISTEMAS COMPUTACIONALES', '15-12-2021', '01:28:06 am', '01:28:13 am'),
	(296, 'JORGE ORLANDO ORTIZ CASTAEDA', '17670034', 'ING SISTEMAS COMPUTACIONALES', '15-12-2021', '01:29:01 am', '01:29:04 am');
/*!40000 ALTER TABLE `alumnos` ENABLE KEYS */;

-- Volcando estructura para tabla cat.asesor
CREATE TABLE IF NOT EXISTS `asesor` (
  `id` int(10) unsigned NOT NULL AUTO_INCREMENT,
  `nombre` varchar(100) NOT NULL,
  `noResidentes` int(2) NOT NULL DEFAULT '0',
  `estado` int(2) unsigned NOT NULL DEFAULT '1',
  `setResidentes` int(2) unsigned DEFAULT '0',
  PRIMARY KEY (`id`)
) ENGINE=InnoDB AUTO_INCREMENT=31 DEFAULT CHARSET=utf8;

-- Volcando datos para la tabla cat.asesor: ~31 rows (aproximadamente)
/*!40000 ALTER TABLE `asesor` DISABLE KEYS */;
INSERT INTO `asesor` (`id`, `nombre`, `noResidentes`, `estado`, `setResidentes`) VALUES
	(0, 'NA', 0, 0, 0),
	(1, 'SALVADOR ARIZMENDI LEON ', 0, 1, 2),
	(2, 'SILVIA VALLE BAHENA ', 5, 1, 6),
	(3, 'LYDIA CUEVAS BRACAMONTES ', 5, 1, 6),
	(4, 'ARELI BARCENAS NAVA ', 3, 1, 6),
	(5, 'MARTIN ORTEGA OCAMPO ', 0, 1, 2),
	(6, 'ENRIQUE MENA SALGADO ', 5, 1, 6),
	(7, 'MAURICIO FLORES SAAVEDRA ', 1, 1, 2),
	(8, 'ANGELITA DIONICIO ABRAJAN ', 6, 1, 6),
	(9, 'ERNESTINA ANGUIANO BELLO ', 6, 1, 7),
	(10, 'ANASTACIO CARRILLO QUIROZ ', 6, 1, 6),
	(11, 'TANIA SAENZ RIVERA ', 0, 1, 2),
	(12, 'MONICA NUÑEZ VELAZQUEZ ', 1, 1, 2),
	(13, 'ULISES LOPEZ ESTRADA ', 0, 1, 0),
	(14, 'VICTOR MANUEL JACOBO ADAN ', 3, 1, 4),
	(15, 'ARTURO CARLOS RODRIGUEZ ROMAN ', 2, 1, 4),
	(16, 'MARIA DEL CARMEN URIOSTEGUI PERALTA ', 0, 1, 2),
	(17, 'SINDYA YADIRA CASTILLO ORTIZ ', 1, 1, 2),
	(18, 'EMILIO ROMAN CHAVEZ', 1, 1, 4),
	(19, 'JAVIER TABOADA VAZQUEZ ', 1, 1, 3),
	(20, 'HUGO ERASMO PERDOMO ROLDAN ', 0, 1, 3),
	(21, 'PAULINA XITLALI REYNA CORRALES ', 1, 1, 2),
	(22, 'JOSE LUIS ZAGAL ARCE ', 0, 1, 2),
	(23, 'JERONIMO RAMIREZ TERRONES ', 0, 1, 0),
	(24, 'JUAN CARLOS ALEMAN FRIAS ', 0, 1, 2),
	(25, 'JORGE EDUARDO ORTEGA LOPEZ ', 4, 1, 6),
	(26, 'FRANCISCO JAVIER RAMIREZ SANDOVAL ', 0, 0, 0),
	(27, 'SERGIO RICARDO ZAGAL BARRERA ', 3, 1, 6),
	(28, 'HEIDI JIMENEZ SILVA ', 1, 1, 3),
	(29, 'ORLANDO HERNANDEZ PEREZ ', 0, 1, 2),
	(30, 'FRANCISCO HAM SALGADO ', 1, 1, 3);
/*!40000 ALTER TABLE `asesor` ENABLE KEYS */;

-- Volcando estructura para tabla cat.config
CREATE TABLE IF NOT EXISTS `config` (
  `id` int(10) unsigned NOT NULL AUTO_INCREMENT,
  `nombre` varchar(50) COLLATE utf8_unicode_ci NOT NULL,
  `valor` varchar(50) COLLATE utf8_unicode_ci NOT NULL DEFAULT 'off',
  PRIMARY KEY (`id`)
) ENGINE=InnoDB AUTO_INCREMENT=2 DEFAULT CHARSET=utf8 COLLATE=utf8_unicode_ci;

-- Volcando datos para la tabla cat.config: ~0 rows (aproximadamente)
/*!40000 ALTER TABLE `config` DISABLE KEYS */;
INSERT INTO `config` (`id`, `nombre`, `valor`) VALUES
	(1, 'configPreRegistro', 'on');
/*!40000 ALTER TABLE `config` ENABLE KEYS */;

-- Volcando estructura para tabla cat.datos_alumnos
CREATE TABLE IF NOT EXISTS `datos_alumnos` (
  `id_Alumno` int(11) NOT NULL AUTO_INCREMENT,
  `Nombre` varchar(60) COLLATE utf8_spanish_ci NOT NULL,
  `Apellido_P` varchar(60) COLLATE utf8_spanish_ci NOT NULL,
  `Apellido_M` varchar(60) COLLATE utf8_spanish_ci NOT NULL,
  `Numero_C` int(9) NOT NULL,
  `Carrera` varchar(70) COLLATE utf8_spanish_ci NOT NULL,
  `Numero_Creditos` varchar(50) COLLATE utf8_spanish_ci NOT NULL,
  `Nombre_Evento` varchar(180) COLLATE utf8_spanish_ci NOT NULL,
  `Periodo` varchar(70) COLLATE utf8_spanish_ci NOT NULL,
  `Generada_Por` varchar(60) COLLATE utf8_spanish_ci NOT NULL,
  `Fecha` date NOT NULL,
  `Valor_Numerico` varchar(50) COLLATE utf8_spanish_ci NOT NULL DEFAULT '0',
  PRIMARY KEY (`id_Alumno`) USING BTREE
) ENGINE=InnoDB AUTO_INCREMENT=384 DEFAULT CHARSET=utf8 COLLATE=utf8_spanish_ci;

-- Volcando datos para la tabla cat.datos_alumnos: ~2 rows (aproximadamente)
/*!40000 ALTER TABLE `datos_alumnos` DISABLE KEYS */;
INSERT INTO `datos_alumnos` (`id_Alumno`, `Nombre`, `Apellido_P`, `Apellido_M`, `Numero_C`, `Carrera`, `Numero_Creditos`, `Nombre_Evento`, `Periodo`, `Generada_Por`, `Fecha`, `Valor_Numerico`) VALUES
	(379, 'JORGE ORLANDO', 'ORTIZ', 'CASTAÑEDA', 17670034, 'INGENIERÍA EN SISTEMAS COMPUTACIONALES', '0.5', 'PRACTICA DE CONSTANCIAS', 'AGOSTO - DICIEMBRE 2021', 'JORGE EDUARDO ORTEGA LOPEZ', '2021-12-02', '4'),
	(380, 'JORGE ORLANDO', 'ORTIZ', 'CASTAÑEDA', 17670034, 'INGENIERÍA EN SISTEMAS COMPUTACIONALES', '0.5', 'PRACTICA DE CONSTANCIAS', 'AGOSTO - DICIEMBRE 2021', 'JORGE EDUARDO ORTEGA LOPEZ', '2021-12-01', '4'),
	(381, 'JORGE ORLANDO', 'ORTIZ', 'CASTAÑEDA', 17670034, 'INGENIERÍA EN SISTEMAS COMPUTACIONALES', '0.5', 'PRACTICA DE CONSTANCIAS', 'AGOSTO - DICIEMBRE 2021', 'JORGE EDUARDO ORTEGA LOPEZ', '2021-12-09', '4'),
	(382, 'JORGE ORLANDO', 'ORTIZ', 'CASTAÑEDA', 17670034, 'INGENIERÍA EN SISTEMAS COMPUTACIONALES', '0.5', 'PRACTICA DE CONSTANCIAS', 'AGOSTO - DICIEMBRE 2021', 'JORGE EDUARDO ORTEGA LOPEZ', '2021-12-15', '4'),
	(383, 'JORGE ORLANDO', 'ORTIZ', 'CASTAÑEDA', 17670034, 'INGENIERÍA EN SISTEMAS COMPUTACIONALES', '0.5', '1', 'njhb', 'JORGE EDUARDO ORTEGA LOPEZ', '2022-01-03', '4');
/*!40000 ALTER TABLE `datos_alumnos` ENABLE KEYS */;

-- Volcando estructura para tabla cat.directorio
CREATE TABLE IF NOT EXISTS `directorio` (
  `id` int(10) unsigned NOT NULL AUTO_INCREMENT,
  `noExt` varchar(10) COLLATE utf8_unicode_ci NOT NULL,
  `depto` varchar(100) COLLATE utf8_unicode_ci DEFAULT NULL,
  `responsable` varchar(100) COLLATE utf8_unicode_ci DEFAULT NULL,
  PRIMARY KEY (`id`)
) ENGINE=InnoDB AUTO_INCREMENT=32 DEFAULT CHARSET=utf8 COLLATE=utf8_unicode_ci;

-- Volcando datos para la tabla cat.directorio: ~31 rows (aproximadamente)
/*!40000 ALTER TABLE `directorio` DISABLE KEYS */;
INSERT INTO `directorio` (`id`, `noExt`, `depto`, `responsable`) VALUES
	(1, '1001', 'CONMUTADOR', 'C.CRISTINA BUENO ROMÁN'),
	(2, '1000', 'DIRECCION', 'M.D.I.S. ARELI BÁRCENAS NAVA'),
	(4, '1100', 'SUBDIRECCION ACADEMICA', 'M.E. SERGIO RICARDO ZAGAL BARRERA'),
	(5, '225', 'DEPARTAMENTO DE SISTEMAS Y COMPUTACION', 'ING. JORGE ORTEGA ORTEGA LOPEZ'),
	(6, '226', 'DEPARTAMENTO DE CIENCIAS BASICAS', 'M.C. FERNANDO SALCEDO LEONARDO'),
	(7, '233', 'DEPARTAMENTO DE DESARROLLO ACADEMICO', 'M.A. ELISA TRUJILLO BELTRAN'),
	(8, '234', 'DEPARTAMENTO DE CIENCIAS ECONOMICO ADMINISTRATIVAS', 'C.P. CRISTINA MARQUEZ SALGADO'),
	(9, '241', 'DEPARTAMENTO DE INGENIERIA INDUSTRIAL', 'DR. JUAN CARLOS KIDO MIRANDA'),
	(10, '247', 'DIVICION DE ESTUDIOS PROFECIONALES', 'M.A. JUANA MIRNA VALLE MORALES'),
	(11, '224', 'SUBDIRECCION DE PLANEACION Y VINCULACION', 'I.S.C. JAVIER TABOADA VAZQUEZ'),
	(12, '227', 'DEPARTAMENTO DE PLANEACION, PROGRAMACION Y PRESUPUESTACION', 'M.C. FRANCISCO JUAREZ HERRERA'),
	(13, '228', 'COMITE CALIDAD', 'M.C. FRANCISCO JUAREZ HERRERA'),
	(14, '235', 'DEPARTAMENTO DE GESTION TECNOLOGICA Y VINCULACION', 'C.P. YOLOXOCHILT SILVIA CRUZ'),
	(15, '240', 'DEPARTAMENTO DE GESTION TECNOLOGICA Y VINCULACION', 'M.I.S. SINDIA YADIRA CASTILLO ORTIZ'),
	(16, '237', 'DEPARTAMENTO DE ACTIVIDADES EXTRAESCOLARES', 'M.C.MARGARITA BARRERA HERNANDEZ'),
	(17, '243', 'CENTRO DE INFORMACION', 'M.C. AGUSTIN ACEVEDO FIGUEROA'),
	(18, '245', 'CIIE ITI', 'L.C. CARLOS ALBERTO DIAZ LARA'),
	(19, '246', 'JEFA DEL DEPARTAMENTO DE SERVICIOS ESCOLARES ', 'LEOARDA ESPERANZA SOTO TABOADA '),
	(20, '230', 'SUBDIRECCION DE SERVICIOS ADMINISTRATIVOS', 'C.P. ANDREA ARZATE SALGADO'),
	(21, '231', 'DEPARTAMENTO DE RECURSOS HUMANOS', 'I.S.C. HUGO ERASMO PERDOMO ROLDAN'),
	(22, '232', 'DEPARTAMENTO DE RECURSOS FINANCIEROS', 'C.P.MA. GUADALUPE GALENA BRITO'),
	(23, '252', 'DEPARTAMENTO DE RECURSOS FINANCIEROS (CONTABILIDAD Y VIATICOS)', 'C.BELEM CARREON ROBLES'),
	(24, '236', 'DEPARTAMENTO DE RECURSOS MATERIALES', 'LIC. JUAN CARLOS ALEMAN FRIAS'),
	(25, '239', 'DEPARTAMENTO DE RECURSOS MATERIALES(COMPRAS)', 'C.GUADALUPE CRUZ ROJO'),
	(26, '242', 'CENTRO DE COMPUTO', NULL),
	(27, '244', 'DEPARTAMENTO DE DE COMUNICACION Y DIFUSION', 'LIC. MAURICIO FLORES SAAVEDRA'),
	(28, '248', 'DEPARTAMENTO DE MANTENIMIENTO DE EQUIPO', 'ING. LORENZO HURTADO SALGADO'),
	(29, '238', 'SINDICATO', 'C.P. JUAN ESTRADA AGUILAR'),
	(30, '249', 'CASETA DE VIGILANCIA ENTRADA PRINCIPAL', NULL),
	(31, '250', 'CASETA DE VIGILANCIA CARR. IGUALA-TAXCO', NULL);
/*!40000 ALTER TABLE `directorio` ENABLE KEYS */;

-- Volcando estructura para tabla cat.encuesta
CREATE TABLE IF NOT EXISTS `encuesta` (
  `id` int(11) unsigned NOT NULL AUTO_INCREMENT,
  `correo` varchar(50) DEFAULT NULL,
  `nombre` varchar(80) DEFAULT NULL,
  `carrera` varchar(50) DEFAULT NULL,
  `pri1` varchar(50) DEFAULT NULL,
  `pri2` varchar(50) DEFAULT NULL,
  `pri3` varchar(50) DEFAULT NULL,
  `pri4` varchar(50) DEFAULT NULL,
  `pri5` varchar(50) DEFAULT NULL,
  `pri6` varchar(50) DEFAULT NULL,
  `pri7` varchar(500) DEFAULT NULL,
  `pa1` varchar(50) DEFAULT NULL,
  `pa2` varchar(50) DEFAULT NULL,
  `pa3` varchar(50) DEFAULT NULL,
  `pa4` varchar(500) DEFAULT NULL,
  `pfi1` varchar(50) DEFAULT NULL,
  `pfi2` varchar(50) DEFAULT NULL,
  `pfi3` varchar(500) DEFAULT NULL,
  `psa1` varchar(50) DEFAULT NULL,
  `psa2` varchar(50) DEFAULT NULL,
  `psa3` varchar(50) DEFAULT NULL,
  `psa4` varchar(50) DEFAULT NULL,
  `psa5` varchar(500) DEFAULT NULL,
  `realizada` varchar(2) DEFAULT NULL,
  `fecha` varchar(50) DEFAULT NULL,
  PRIMARY KEY (`id`)
) ENGINE=InnoDB DEFAULT CHARSET=latin1;

-- Volcando datos para la tabla cat.encuesta: ~0 rows (aproximadamente)
/*!40000 ALTER TABLE `encuesta` DISABLE KEYS */;
/*!40000 ALTER TABLE `encuesta` ENABLE KEYS */;

-- Volcando estructura para tabla cat.encuestaegresados
CREATE TABLE IF NOT EXISTS `encuestaegresados` (
  `id` int(10) unsigned NOT NULL AUTO_INCREMENT,
  `nombre` varchar(100) DEFAULT NULL,
  `anoing` varchar(100) DEFAULT NULL,
  `ncontrol` varchar(100) DEFAULT NULL,
  `carrera` varchar(100) DEFAULT NULL,
  `planestu` varchar(100) DEFAULT NULL,
  `anoegre` varchar(100) DEFAULT NULL,
  `semestre` varchar(100) DEFAULT NULL,
  `especialidad` varchar(100) DEFAULT NULL,
  `pciudad` varchar(100) DEFAULT NULL,
  `pmunicipio` varchar(100) DEFAULT NULL,
  `pestado` varchar(100) DEFAULT NULL,
  `ociudad` varchar(100) DEFAULT NULL,
  `omunicipio` varchar(100) DEFAULT NULL,
  `oestado` varchar(100) DEFAULT NULL,
  `cel` varchar(100) DEFAULT NULL,
  `emaili` varchar(100) DEFAULT NULL,
  `emailp` varchar(100) DEFAULT NULL,
  `face` varchar(100) DEFAULT NULL,
  `prt2p1` varchar(100) DEFAULT NULL,
  `prt2p2` varchar(100) DEFAULT NULL,
  `prt2p3` varchar(100) DEFAULT NULL,
  `prt2p4` varchar(100) DEFAULT NULL,
  `prt2p5` varchar(100) DEFAULT NULL,
  `prt2p6` varchar(100) DEFAULT NULL,
  `prt3p1` varchar(100) DEFAULT NULL,
  `prt3p2` varchar(100) DEFAULT NULL,
  `prt3p3` varchar(100) DEFAULT NULL,
  `prt3p4` varchar(100) DEFAULT NULL,
  `prt3p5` varchar(100) DEFAULT NULL,
  `prt3p6` varchar(100) DEFAULT NULL,
  `prt3p7` varchar(100) DEFAULT NULL,
  `prt3p8` varchar(100) DEFAULT NULL,
  `prt3p9` varchar(100) DEFAULT NULL,
  `prt3p10` varchar(100) DEFAULT NULL,
  `prt3p11` varchar(100) DEFAULT NULL,
  `prt3p12` varchar(100) DEFAULT NULL,
  `prt3p13` varchar(100) DEFAULT NULL,
  `prt3p14` varchar(100) DEFAULT NULL,
  `prt3p15` varchar(100) DEFAULT NULL,
  `prt3p16` varchar(100) DEFAULT NULL,
  `prt3p17` varchar(100) DEFAULT NULL,
  `prt3p18` varchar(100) DEFAULT NULL,
  `prt3p19` varchar(100) DEFAULT NULL,
  `prt3p20` varchar(100) DEFAULT NULL,
  `prt3p21` varchar(100) DEFAULT NULL,
  `prt3p22` varchar(100) DEFAULT NULL,
  `prt3p23` varchar(100) DEFAULT NULL,
  `prt4p1` varchar(100) DEFAULT NULL,
  `prt4p2` varchar(100) DEFAULT NULL,
  `prt4p3` varchar(100) DEFAULT NULL,
  `prt4p4` varchar(100) DEFAULT NULL,
  `prt4p5` varchar(100) DEFAULT NULL,
  `prt4p6` varchar(100) DEFAULT NULL,
  `prt4p7` varchar(100) DEFAULT NULL,
  `prt4p8` varchar(100) DEFAULT NULL,
  `prt4p9` varchar(100) DEFAULT NULL,
  `prt4p10` varchar(100) DEFAULT NULL,
  `prt5p1` varchar(100) DEFAULT NULL,
  `prt5p2` varchar(100) DEFAULT NULL,
  `prt5p3` varchar(100) DEFAULT NULL,
  `prt6p1` varchar(100) DEFAULT NULL,
  `prt6p2` varchar(100) DEFAULT NULL,
  `prt6p3` varchar(100) DEFAULT NULL,
  `fecha` varchar(100) DEFAULT NULL,
  PRIMARY KEY (`id`) USING BTREE
) ENGINE=InnoDB AUTO_INCREMENT=8 DEFAULT CHARSET=latin1;

-- Volcando datos para la tabla cat.encuestaegresados: ~1 rows (aproximadamente)
/*!40000 ALTER TABLE `encuestaegresados` DISABLE KEYS */;
INSERT INTO `encuestaegresados` (`id`, `nombre`, `anoing`, `ncontrol`, `carrera`, `planestu`, `anoegre`, `semestre`, `especialidad`, `pciudad`, `pmunicipio`, `pestado`, `ociudad`, `omunicipio`, `oestado`, `cel`, `emaili`, `emailp`, `face`, `prt2p1`, `prt2p2`, `prt2p3`, `prt2p4`, `prt2p5`, `prt2p6`, `prt3p1`, `prt3p2`, `prt3p3`, `prt3p4`, `prt3p5`, `prt3p6`, `prt3p7`, `prt3p8`, `prt3p9`, `prt3p10`, `prt3p11`, `prt3p12`, `prt3p13`, `prt3p14`, `prt3p15`, `prt3p16`, `prt3p17`, `prt3p18`, `prt3p19`, `prt3p20`, `prt3p21`, `prt3p22`, `prt3p23`, `prt4p1`, `prt4p2`, `prt4p3`, `prt4p4`, `prt4p5`, `prt4p6`, `prt4p7`, `prt4p8`, `prt4p9`, `prt4p10`, `prt5p1`, `prt5p2`, `prt5p3`, `prt6p1`, `prt6p2`, `prt6p3`, `fecha`) VALUES
	(7, 'JORGE ORLANDO ORTIZ CASTAÑEDA', '2021-02', '17670034', 'Ing. en Sistemas Computacionales', 'ISIC - 2010-224', '2021-12', 'Enero-Junio', 'sistemas distribuidos ', 'Toluca', 'Metepec', 'Estado de Mexico', 'Iguala', 'Iguala de la Independencia', 'Guerrero', '7621115584', '17670034@iguala.tecnm.mx', 'E-mailPersonal@gmail.com', 'orlando ortiz', 'SI', 'Parcialmente', 'SI', 'Parcialmente', 'SI', 'si', 'Muy Bueno', 'Muy Bueno', 'Bueno', 'Bueno', 'Muy Bueno', 'Excelente', 'Excelente', 'Excelente', 'Excelente', 'Muy Bueno', 'Muy Bueno', 'Muy Bueno', 'Muy Bueno', 'Muy Bueno', 'Excelente', 'Excelente', 'actualizacion de conocimientos', '10', 'ninguna', 'SI', 'buena institucion', '10', 'ninguna', 'conseguir empleo', 'capacitarme', 'NO', '', 'NO', '', 'lider', 'tienda departamental', 'NO', '', 'java', 'cenidet', 'oracle', 'SI', 'los dactos se actualizan constantemente', 'programacion', '03-12-2021');
/*!40000 ALTER TABLE `encuestaegresados` ENABLE KEYS */;

-- Volcando estructura para tabla cat.jerarquia
CREATE TABLE IF NOT EXISTS `jerarquia` (
  `id` int(10) unsigned NOT NULL AUTO_INCREMENT,
  `nombre` varchar(120) COLLATE utf8_unicode_ci NOT NULL,
  `cargo` varchar(70) COLLATE utf8_unicode_ci NOT NULL,
  `estado` int(1) unsigned DEFAULT '1',
  `sexo` varchar(2) COLLATE utf8_unicode_ci DEFAULT NULL,
  PRIMARY KEY (`id`)
) ENGINE=InnoDB AUTO_INCREMENT=6 DEFAULT CHARSET=utf8 COLLATE=utf8_unicode_ci;

-- Volcando datos para la tabla cat.jerarquia: ~6 rows (aproximadamente)
/*!40000 ALTER TABLE `jerarquia` DISABLE KEYS */;
INSERT INTO `jerarquia` (`id`, `nombre`, `cargo`, `estado`, `sexo`) VALUES
	(0, 'NA', 'NA', 0, '0'),
	(1, 'SILVIA VALLE BAHENA', 'PRESIDENTE DE ACADEMIA', 1, 'F'),
	(2, 'JORGE EDUARDO ORTEGA LOPEZ', 'JEFE DEL DEPTO. DE SISTEMAS Y COMPUTACIÓN', 1, 'M'),
	(3, 'SERGIO RICARDO ZAGAL BARRERA ', 'SUBDIRECTOR ACADÉMICO', 1, 'M'),
	(4, 'JORGE EDUARDO ORTEGA LOPEZ', 'JEFE DEL DEPTO. ACADEMICO', 1, 'M'),
	(5, 'FRANCISCO HAM SALGADO', 'JEFE DE LA DIVISION DE ESTUDIOS PROFESIONALES', 1, 'M');
/*!40000 ALTER TABLE `jerarquia` ENABLE KEYS */;

-- Volcando estructura para tabla cat.laboratorios
CREATE TABLE IF NOT EXISTS `laboratorios` (
  `laboratorio` varchar(50) DEFAULT NULL,
  `cantidad` varchar(50) DEFAULT NULL
) ENGINE=InnoDB DEFAULT CHARSET=latin1;

-- Volcando datos para la tabla cat.laboratorios: ~8 rows (aproximadamente)
/*!40000 ALTER TABLE `laboratorios` DISABLE KEYS */;
INSERT INTO `laboratorios` (`laboratorio`, `cantidad`) VALUES
	('Laboratorio de Aplicaciones', '0'),
	('Laboratorio de Sistemas Embebidos', '0'),
	('Laboratorio de Redes', '0'),
	('Laboratorio de Programación', '0'),
	('Laboratorio de Electrónica', '0'),
	('Laboratorio de Telecomunicaciones', '0'),
	('Laboratorio de Diseño', '0');
/*!40000 ALTER TABLE `laboratorios` ENABLE KEYS */;

-- Volcando estructura para tabla cat.preregistros
CREATE TABLE IF NOT EXISTS `preregistros` (
  `id` int(10) unsigned NOT NULL AUTO_INCREMENT,
  `noControl` varchar(10) COLLATE utf8_unicode_ci NOT NULL,
  `carrera` varchar(100) COLLATE utf8_unicode_ci DEFAULT NULL,
  `telefono` varchar(11) COLLATE utf8_unicode_ci DEFAULT NULL,
  `nombre` varchar(100) COLLATE utf8_unicode_ci NOT NULL,
  `apellidoP` varchar(100) COLLATE utf8_unicode_ci NOT NULL,
  `apellidoM` varchar(100) COLLATE utf8_unicode_ci NOT NULL,
  `asesorPre` int(10) unsigned NOT NULL,
  PRIMARY KEY (`id`),
  UNIQUE KEY `noControl` (`noControl`),
  KEY `asesor` (`asesorPre`),
  CONSTRAINT `FK_preregistros_asesor` FOREIGN KEY (`asesorPre`) REFERENCES `asesor` (`id`)
) ENGINE=InnoDB DEFAULT CHARSET=utf8 COLLATE=utf8_unicode_ci;

-- Volcando datos para la tabla cat.preregistros: ~0 rows (aproximadamente)
/*!40000 ALTER TABLE `preregistros` DISABLE KEYS */;
/*!40000 ALTER TABLE `preregistros` ENABLE KEYS */;

-- Volcando estructura para tabla cat.proyecto
CREATE TABLE IF NOT EXISTS `proyecto` (
  `id` int(10) unsigned NOT NULL AUTO_INCREMENT,
  `nombreProyecto` varchar(200) COLLATE utf8_unicode_ci NOT NULL,
  `nombreEmpresa` varchar(200) COLLATE utf8_unicode_ci NOT NULL,
  `asesorExt` varchar(100) COLLATE utf8_unicode_ci DEFAULT NULL,
  `asesorInt` int(10) unsigned NOT NULL,
  `revisor1` int(10) unsigned DEFAULT NULL,
  `revisor2` int(10) unsigned DEFAULT NULL,
  `revisor3` int(10) unsigned DEFAULT '0',
  `suplente` int(10) unsigned DEFAULT '0',
  PRIMARY KEY (`id`),
  UNIQUE KEY `nombreProyecto_UNIQUE` (`nombreProyecto`),
  KEY `fk_proyecto_asesor1_idx` (`asesorInt`),
  KEY `fk_proyecto_asesor2_idx` (`revisor1`),
  KEY `fk_proyecto_asesor3_idx` (`revisor2`),
  KEY `fk_proyecto_asesor4_idx` (`suplente`),
  KEY `fk_proyecto_asesor5_idx` (`revisor3`),
  CONSTRAINT `fk_proyecto_asesor1` FOREIGN KEY (`asesorInt`) REFERENCES `asesor` (`id`),
  CONSTRAINT `fk_proyecto_asesor2` FOREIGN KEY (`revisor1`) REFERENCES `asesor` (`id`),
  CONSTRAINT `fk_proyecto_asesor3` FOREIGN KEY (`revisor2`) REFERENCES `asesor` (`id`),
  CONSTRAINT `fk_proyecto_asesor4` FOREIGN KEY (`suplente`) REFERENCES `asesor` (`id`),
  CONSTRAINT `fk_proyecto_asesor5` FOREIGN KEY (`revisor3`) REFERENCES `asesor` (`id`)
) ENGINE=InnoDB AUTO_INCREMENT=209 DEFAULT CHARSET=utf8 COLLATE=utf8_unicode_ci;

-- Volcando datos para la tabla cat.proyecto: ~203 rows (aproximadamente)
/*!40000 ALTER TABLE `proyecto` DISABLE KEYS */;
INSERT INTO `proyecto` (`id`, `nombreProyecto`, `nombreEmpresa`, `asesorExt`, `asesorInt`, `revisor1`, `revisor2`, `revisor3`, `suplente`) VALUES
	(0, 'NA', 'NA', 'NA', 0, 0, 0, 0, 0),
	(2, 'SISTEMA DE AUTOMATIZACIÓN PARA LA ATENCIÓN A CLIENTE DEL RESTAURANT "EL TOLOACHE"', 'RESTAURANTE "EL TOLOACHE"', 'CHEF JOEL RICARDO URIOSTEGUI FERNANDEZ', 3, 2, 8, 0, 6),
	(3, 'SISTEMA DEL PROCESO DE MANTENIMIENTO DE INFRAESTRUCTURA Y EQUIPO', 'INSTITUTO TECNOLÓGICO DE IGUALA', 'ANDREA ARZATE SALGADO', 3, 2, 27, 0, 25),
	(4, 'PÁGINA WEB PARA PROMOCIÓN, COTIZACION E INTERCAMBIO DE INFORMACIÓN ENTRE CLIENTE Y EMPRESA', 'GUILLERMO MASTACHE SALGADO', 'GUILLERMO MASTACHE SALGADO', 2, 3, 6, 0, 8),
	(5, 'ENVIO DE MENSAJES MEDIANTE RECONOCIMIENTO DE VOZ PARA DISPOSITIVOS MÓVILES INTELIGENTES (SMARTPHONE)', 'CENTRO NACIONAL DE INVESTIGACIÓN Y DESARROLLO TECNOLÓGICO', 'MAXIMO LOPEZ SANCHEZ', 9, 10, 4, 0, 19),
	(6, 'GRAFICADOR ESTADÍSTICO DEL SISTEMA DE BECAS SUBES', 'TNM/INSTITUTO TECNOLÓGICO DE IGUALA', 'LEOBARDA ESPERANZA SOTO TABOADA', 10, 25, 9, 0, 4),
	(7, 'PLATAFORMA WEB DE RESERVACIÓN PARA RINCONADA HOTEL BOUTIQUE Y EVENTOS', 'RINCONADA EVENTOS Y HOTEL BOUTIQUE', 'TANIA LETICIA ADAN SANDOVAL', 8, 6, 2, 0, 3),
	(8, 'ADMINISTRACIÓN DE LOS LABORATORIOS DE LOS EDIFICIOS DEL F Y G DEL ITI', 'TNM/INSTITUTO TECNOLÓGICO DE IGUALA', 'ANDREA ARZATE SALGADO', 6, 8, 3, 0, 2),
	(9, 'ADMINISTRACIÓN DE CONTACTOS EN UN DISPOSITIVO MÓVIL PARA DISCRIMINAR LA RECEPCIÓN DE MENSAJES', 'CENTRO NACIONAL DE INVESTIGACIÓN Y DESARROLLO TECNOLOGICO', 'MAXIMO LOPEZ SANCHEZ', 4, 9, 10, 0, 19),
	(10, 'Carnet único médico (IMSS, ISSSTE y SSA) para aplicaciones móviles', 'CENTRO NACIONAL DE INVESTIGACIÓN Y DESARROLLO TECNOLÓGICO', 'Dr. MAXIMO LOPEZ SANCHEZ', 9, 10, 4, 0, 18),
	(11, 'Desarrollo de la base de datos y programacion del modulo de consultas y generación de datos y gráficos estadísticos de la carrera de Ingeniería en Sistemas Computacionales del ITI', 'INSTITUTO TECNOLÓGICO DE IGUALA', 'SERGIO RICARDO ZAGAL BARRERA ', 18, 9, 10, 0, 19),
	(12, 'Desarrollo del módulo de consultas y generación de datos y gráficos estadísticos para la carrera de Ingeniería en Sistemas Computacionales del ITI.', 'INSTITUTO TECNOLÓGICO DE IGUALA ', 'SERGIO RICARDO ZAGAL BARRERA ', 8, 6, 27, 0, 3),
	(13, '"Sistema de Acceso para Alumnos y Personal, Implementando Dispositivos y Tarjetas Digitales en el Instituto Tecnológico de Iguala"', 'INSTITUTO TECNOLÓGICO DE IGUALA', 'SERGIO RICARDO ZAGAL BARRERA', 2, 6, 27, 0, 3),
	(14, 'ADMINISTRACIÓN DE LA RED ACADÉMICA DEL CBTis No. 56', 'CBTis No. 56', 'Lic. Pedro Ramirez Gonzalez', 14, 8, 2, 0, 16),
	(15, '"Sistema de Inventario de Autopartes Eléctricas"', 'MEXICO JINYOUNG TECHNO S.A. DE C.V.', 'C.P. KARLA BAHENA JIMENEZ', 8, 3, 2, 0, 6),
	(16, 'DESARROLLO DEL SISTEMA DE CONTROL ESCOLAR DE LA ESCUELA SECUNDARIA TECNICA NUMERO 213 BANDERA NACIONAL', 'ESCUELA SECUNDARIA TECNICA NUMERO 213 BANDERA NACIONAL', 'ING. GREGORIO CASTRO REA', 6, 3, 8, 0, 2),
	(17, 'SISTEMA DE PUNTO DE VENTA EN TIENDA DE UNIFORMES MONTES', 'TIENDA DE UNIFORMES MONTES', 'J. GUADALUPE MONTES BARRERA', 21, 2, 8, 0, 17),
	(18, 'SISTEMA DE PLANIFICACIÓN DIDÁCTICA', 'CENTRO DE ATENCION MULTIPLE No. 48', 'JORGE ALEJANDRO TELLEZ ORTIZ', 9, 10, 4, 0, 0),
	(19, 'GESTIÓN Y CONTROL DEL ACCESO A LA RED DE DATOS INSTITUCIONAL DEL ITI', 'INSTITUTO TECNOLÓGICO DE IGUALA', 'ENRIQUE MENA SALGADO', 30, 0, 0, 0, 0),
	(20, 'SOFTWARE PUNTO DE VENTA "FIGO PHARMA"', 'FARMAPRONTO IGUALA II', 'ELIDA SURAYA GOMEZ FIGUEROA', 3, 25, 6, 0, 28),
	(21, 'Análisis y Diseño Gráfico del Sistema de Control de Asistencias del ITI', 'Instituto Tecnológico de Iguala', 'Hugo Erasmo Perdomo Roldan', 3, 2, 8, 0, 25),
	(22, 'Diseño e Implementacion de la Interfaz sobre el Control de Asistencia del ITI (SCAITI)', 'Instituto Tecnológico de Iguala', 'Hugo Erasmo Perdomo Roldan', 3, 6, 25, 0, 27),
	(23, 'APP CONALEP DESARROLLADA EN KOTLIN', 'CONALEP PLANTEL IGUALA 112', 'MARIBEL GUADALUPE DELGADO ORTIZ', 8, 2, 27, 0, 25),
	(24, 'PROTEGIENDO LA INTEGRIDAD FÍSICA Y EL PATRIMONIO FAMILIAR', 'GIGABYTE', 'TOMAS ROMAN DIAZ', 19, 0, 0, 0, 0),
	(25, 'Módulo de Transparencia de Información', 'CAPUFE (CAMINOS Y PUENTES FEDERALES)', 'LETICIA MORALES RAMIREZ', 10, 9, 4, 0, 7),
	(26, 'SISTEMA DE REGISTRO PARA TITULO PROFESIONAL', 'INSTITUTO TECNOLÓGICO DE IGUALA', 'LEOBARDA ESPERANZA SOTO TABOADA', 10, 4, 9, 0, 29),
	(27, 'SISTEMA DE REGISTRO PARA CÉDULA PROFESIONAL', 'INSTITUTO TECNOLÓGICO DE IGUALA', 'LEOBARDA ESPERANZA SOTO TABOADA', 10, 0, 0, 0, 0),
	(28, 'ADMINISTRACION Y ACTUALIZACION DEL SITIO WEB DEL ITI', 'INSTITUTO TECNOLÓGICO DE IGUALA', 'JAVIER TABOADA VAZQUEZ', 7, 9, 18, 0, 19),
	(29, 'SIN PROYECTO', 'TECNOLOGICO NACIONAL DE MEXICO CAMPUS IGUALA', '', 6, 0, 0, 0, 0),
	(30, 'APLICACIÓN MÓVIL DEL CONALEP GUERRERO PARA ANDROID', 'CONALEP PLANTEL IGUALA 112', 'MARIEL GUADALUPE DELGADO ORTIZ', 18, 0, 0, 0, 0),
	(31, 'ADMINISTRACIÓN DE LOS LABORATORIOS DEL EDIFICIO "G" DEL ITI ', 'INSTITUTO TECNOLÓGICO DE IGUALA ', 'JORGE EDUARDO ORTEGA LOPEZ ', 10, 9, 4, 0, 19),
	(32, 'SISTEMA DE ALMACÉN DEL COLEGIO SUPERIOR AGROPECUARIO DEL ESTADO DE GUERRERO (CSAEGRO)', 'COLEGIO SUPERIOR AGROPECUARIO DEL ESTADO DE GUERRERO (CSAEGRO)', 'MA. DEL ROSARIO NAVA CHAVEZ', 29, 10, 19, 0, 9),
	(33, 'MANTENIMIENTO Y ADMINISTRACIÓN DEL EQUIPO DE COMPUTO DEL TECNOLÓGICO NACIONAL DE MEXICO/INSTITUTO TECNOLOGICO DE IGUALA', 'INSTITUTO TECNOLÓGICO DE IGUALA', 'ORLANDO HERNANDEZ PEREZ', 6, 2, 21, 0, 8),
	(34, 'ADMINISTRACIÓN Y MANTENIMIENTO DE LOS EQUIPOS DE COMPUTO DEL ITI', 'INSTITUTO TECNOLÓGICO DE IGUALA', 'ORLANDO HERNANDEZ PEREZ', 24, 0, 0, 0, 0),
	(35, '"SISTEMA DE CONTROL DE REVISIONES DE SERVICIOS EN TARIFAS HM Y OM EN LA COMISIÓN FEDERAL DE ELECTRICIDAD"', 'COMISIÓN FEDERAL DE ELECTRICIDAD', 'CARLOS ALFREDO SANABRIA SÁNCHEZ', 2, 3, 27, 0, 25),
	(36, '"SISTEMA DE CONTROL DE INVENTARIO POR COORDINACIONES  DE LA CRUZ ROJA DELEGACIÓN IGUALA"', 'CRUZ ROJA DELEGACIÓN IGUALA', 'MARICELA SILVIA MOLINA MARTINEZ', 2, 27, 6, 0, 12),
	(37, 'DESARROLLO E IMPLEMENTACIÓN DE UN SISTEMA PARA CONTROL DE ACCESO A LOS LABORATORIOS DE LOS EDIFICIOS "F" Y "G" DEL ITI ', 'INSTITUTO TECNOLÓGICO DE IGUALA', 'JORGE EDUARDO ORTEGA LOPEZ', 28, 3, 16, 0, 21),
	(38, 'EXPERSOFT-MANAGER MÓDULOS: INVENTARIO DE MOBILIARIO, COTIZADOR, SEGUIMIENTO DE MANTENIMIENTO A CAMARAS DE SEGURIDAD', 'CORPORATIVO EXPERSOFT-ÁREA DE NEGOCIO GIGABYTE', 'MARIO ROMAN DIAZ', 20, 8, 12, 0, 3),
	(39, 'Desarrollo de Módulo Consultas y Elaboración de Reportes', 'Gigabyte Expertsoft', 'Tomas Roman Diaz', 22, 0, 0, 0, 0),
	(40, 'ADMINISTRACION DE SERVICIOS DE TIC', 'Servicio de Administración Tributaria (SAT)', 'Jose Luis Meza Rojas', 9, 4, 19, 0, 7),
	(41, 'Desarrollo del BackOffice y de la aplicación móvil Estoy bien para iOS y Android', 'HERMES SYSTEMS S.A. DE C.V.', 'Ing. Diego Isaid Rosas Martinez', 27, 2, 3, 0, 16),
	(42, 'ESTRUCTURACION E INSTALACION DE EQUIPOS DE MONITOREO CCTV EN MINERA MEDIA LUNA SA DE CV', 'MINERA MEDIA LUNA S.A. DE C.V.', 'ING. URIEL GARCIA RAMIREZ', 27, 3, 6, 0, 21),
	(43, 'Sistema administrativo integral de la empresa Distribuidor Cobea', 'Distribuidor Cobea', 'Estanislao Lazaro Rodriguez', 1, 6, 2, 0, 8),
	(44, 'NOVA LUZ (Control de encendido y apagado de luces mediante comando de voz y/o botones digitales', 'INSTITUTO TECNOLÓGICO DE IGUALA', 'SERGIO RICARDO ZAGAL BARRERA', 8, 27, 2, 0, 25),
	(45, 'DESARROLLO DE SCPV-UAGRO EN PLATAFORMAS WEB Y MÓVIL ', 'UNIDAD ACADÉMICA DE CIENCIAS AGROPECUARIAS Y AMBIENTALES ', 'ING. MANUEL HERNANDEZ RODRIGUEZ', 27, 6, 25, 0, 28),
	(46, 'SISTEMA AUTOMATIZADO DE BANQUETES PARA "ALQUILADORA LA ANTIGUA"', 'ALQUILADORA LA ANTIGUA, UBICADA EN IGNACIO ZARAGOZA NO. 105, COL. CENTRO, C.P. 40000, IGUALA DE LA INDEPENDENCIA, GRO.', 'TANIA LETICIA ADAN SANDOVAL', 8, 25, 3, 0, 27),
	(47, 'OPTIMIZACIÓN DEL HOTSPOT Y FILTRADO DE PAGINAS WEB EN EL TECNM-INSTITUTO TECNOLOGICO DE IGUALA', 'INSTITUTO TECNOLÓGICO DE IGUALA', 'ORLANDO HERNANDEZ PEREZ', 6, 8, 25, 0, 27),
	(48, 'ORGANIZACIÓN PARA LA EMPRESA BASADOS EN ERP CON JAVA + SPRING + MAVEN + JPA', 'SOLUCIONES DIGITALES Y DE PROCESOS S.A. DE C.V.', 'IVÁN ARANDA CAMARILLO', 25, 2, 27, 0, 16),
	(49, 'Análisis y diseño gráfico de módulos del ERP basados en Java + Spring + Maven + JPA', 'SOLUCIONES DIGITALES Y DE PROCESOS S.A. DE C.V.', 'IVÁN ARANDA CAMARILLO', 25, 6, 3, 0, 8),
	(50, 'Desarrollo e Implementacion de modulos del ERP basados en Java + Spring + Maven +JPA', 'SOLUCIONES DIGITALES Y DE PROCESOS S.A. DE C.V. ', 'IVÁN ARANDA CAMARILLO ', 25, 27, 6, 0, 3),
	(51, 'PRUEBAS DE LOS MÓDULOS DEL ERP DE LA EMPRESA SOLUCIONES DIGITALES Y DE PROCESOS ', 'SOLUCIONES DIGITALES Y DE PROCESOS S.A. DEC.V. ', 'IVÁN ARANDA CAMARILLO ', 25, 3, 2, 0, 6),
	(52, 'MONITOREO AUTOMATIZADO A TRAVÉS DE LA CLOUD', 'CONDOR CONSULTING SERVICES S.A. DE C.V', 'SENIOR EDWARDS AGUILAR', 10, 4, 7, 0, 19),
	(53, 'CREACION Y ADMINISTRACION DE EQUIPO DE INVENTARIO SISTEMATIZADO DE TECNOLOGIA DE INFORMATICA (IT)', 'MINERA MEDIA LUNA S.A. DE C.V.', 'MARINA SALDAÑA MARCOS', 9, 10, 29, 0, 7),
	(54, 'Diseño, Reparación y Mejoramiento de la red LAN, para optimizar la comunicación dentro de las áreas de la empresa Servicio Panamericano S.A. de C.V.', 'SERVICIO PANAMERICANO S.A. DE C.V.', 'VICTOR ORTEGA VELAZQUEZ', 17, 8, 25, 0, 14),
	(55, 'MIGRACIÓN DE COLMENA (CMS - DESARROLLO INTERNO) A BRIGHTSPOT (CMS- DESARROLLO DE PAGA) PARA PRESERVAR LA MICRODATA PARA EL SEO Y LA GENERACIÓN DE NUEVO CONTENIDO', 'Tv Azteca/ ADN40', 'LIC. MARIA DE LOURDES MARTINEZ ORDOÑEZ', 10, 9, 18, 0, 20),
	(56, 'Administración y Mejora del Portal Interno de Información de Infraestructura Tecnológica', 'Grupo Financiero Inbursa', 'Vicente Ordaz Badilla', 2, 27, 8, 0, 6),
	(57, 'REESTRUCTURACIÓN  DE LA RED DE DATOS DEL ITI', 'INSTITUTO TECNOLÓGICO DE IGUALA', 'M.C. ORLANDO HERNANDEZ PEREZ', 6, 8, 14, 0, 2),
	(58, 'Administración de recursos compartidos en la plataforma Sharefile', 'Grupo Financiero Inbursa', 'Jesús Téllez Salero', 9, 10, 4, 0, 18),
	(59, '"SISTEMA DE INVENTARIO DEL EQUIPO DE SOPORTE TÉCNICO DEL GRUPO FINANCIERO INBURSA"', 'GRUPO FINANCIERO INBURSA', 'GEORGINA ARACELI LARRONDO GUTIERREZ', 9, 0, 0, 0, 0),
	(60, 'IMPLEMENTACIÓN DEL MÓDULO DE CAPACITACIÓN DOCENTE EN EL DEPARTAMENTO DE DESARROLLO ACADÉMICO DEL TECNM/INSTITUTO TECNOLÓGICO DE IGUALA.', 'INSTITUTO TECNOLÓGICO DE IGUALA', 'M.A. ELISA TRUJILLO BELTRAN', 6, 27, 8, 0, 25),
	(61, 'Evolución y mantenimiento del Sistema de Procesamiento de Solicitudes del voto MRE', 'INE Quantum, Blvd. Adolfo López Mateos 239, Los Alpes, 01710 Ciudad de México, CDMX', 'ING. LOPEZ CHAVEZ IVAN', 3, 27, 16, 0, 2),
	(62, 'ADMINISTRACIÓN DE LOS LABORATORIOS DEL EDIFICIO "F" DEL ITI', 'INSTITUTO TECNOLÓGICO DE IGUALA', 'JORGE EDUARDO ORTEGA LOPEZ', 8, 6, 2, 0, 14),
	(63, '"Seguimiento en la reestructuración de controles para la infraestructura tecnológica de Windows"', 'Grupo Financiero  Inbursa', 'Ing. Jesús Téllez Salero', 2, 25, 3, 0, 27),
	(64, 'SISTEMA DE APOYO PARA ASOCIACIÓN CIVIL DEPORTIVA Y CULTURAL DE COACOYULA DE ÁLVAREZ ', 'CENTRO DEPORTIVO DE COACOYULA DE ÁLVAREZ', 'JOSE GUADALUPE CERON ALARCON', 3, 8, 17, 0, 6),
	(65, 'DATALAKE DE INSFRAESTRUCTURA PARA MONITOREO Y ANÁLISIS DE DATOS ', 'BLUETAB', 'ELSA PAOLA MARTINEZ CANDELAS ', 16, 3, 28, 0, 14),
	(66, 'CONSOLIDACIÓN DE SERVIDORES DE BASES DE DATOS SQL SERVER', 'EXPERIENCIAS XCARET PARQUES S.A.P.I. DE C.V. ', 'ERNESTO JOSE SOLIS TELLO ', 2, 25, 27, 0, 12),
	(67, 'CONFIGURACION Y ADMINISTRACION DE LOS SERVICIOS DE LA RED DEL H. AYUNTAMIENTO MUNICIPAL DE IGUALA, GRO.', 'H. AYUNTAMIENTO MUNICIPAL CONSTITUCIONAL DE IGUALA DE LA INDEPENDENCIA, GRO. ', 'LIC. LIDIO ALBERTO TORRES SEGURA ', 27, 25, 14, 0, 8),
	(68, '"GESTIÓN Y CONTROL DE SOPORTE TÉCNICO AL USUARIO FINAL"', 'EXPERIENCIAS XCARET PARQUES S.A.P.I. DE C.V.', 'ING. JOSE JUAN MENDOZA VARGAS', 6, 3, 21, 0, 17),
	(69, 'AUTOMATIZACION DE LA BIBLIOTECA DE LA ESC. PRIMARIA "RAFAEL MOLINA BETANCOURT"', 'Esc. Primaria "Rafael Molina Betancourt" C.C.T. 12DPR2221Z', 'C. Arely León Silva', 9, 0, 0, 0, 0),
	(70, 'Sistema de Captura De Datos Del Candidato A Titularse', 'INSTITUTO TECNOLÓGICO DE IGUALA', 'Leobarda Esperanza Soto Taboada', 10, 0, 0, 0, 0),
	(71, 'Sistema De Digitalización De Documentos Oficiales Para El Otorgamiento De Cedula Profesional', 'INSTITUTO TECNOLÓGICO DE IGUALA', 'LEOBARDA ESPERANZA SOTO TABOADA', 10, 9, 19, 0, 18),
	(72, '"ADMINISTRACIÓN DE LA RED ACADÉMICA DEL CBTis No. 56"', 'CBTis No. 56', 'Lic. Pedro Ramírez González', 14, 0, 0, 0, 0),
	(73, 'DISEÑO, DESARROLLO E IMPLEMENTACIÓN DE UN CHATBOT PARA LA PAGINA WEB DEL DEPARTAMENTO DE SISTEMAS Y COMPUTACIÓN DEL ITI', 'INSTITUTO TECNOLÓGICO DE IGUALA', 'JORGE EDUARDO ORTEGA LOPEZ', 3, 27, 2, 0, 6),
	(74, 'SISTEMAS DE CONTROL Y ADMINISTRACIÓN DE INFORMACION ESTUDIANTIL, ESCUELA PRIMARIA "PROF. CARITINO MALDONADO PÉREZ", ZONA 134', 'ESCUELA PRIMARIA "PROF. CARITINO MALDONADO PÉREZ"', 'LIC. FRANCISCO ECHEVERRIA CARRANZA', 8, 2, 25, 0, 3),
	(75, 'MINERIA DE DATOS DE ARTICULOS INDEXADOS RELACIONADOS CON LA INESTABILIDAD DEL TERRENO', 'UNIVERSIDAD MICHOACANA DE SAN NICOLÁS DE HIDALGO', 'M.C. ANGEL JAHUDIEL CERVANTES PINA', 8, 16, 14, 0, 12),
	(76, 'DISEÑO, DESARROLLO E IMPLEMENTACIÓN DE UN SISTEMA PARA CONTROL DE ACCESO A LOS LABORATORIOS DE LOS EDIFICIOS "F" Y "G" DEL ITI', 'INSTITUTO TECNOLÓGICO DE IGUALA', 'JORGE EDUARDO ORTEGA LOPEZ', 28, 3, 27, 0, 6),
	(77, 'SIMULADOR DE VENTAS. SIS (Interactive Sales System) Sistema de ventas interactivo', 'CENTRO DE ATENCION MULTIPLE No. 48', 'JORGE ALEJANDRO TELLEZ ORTIZ', 9, 0, 0, 0, 0),
	(81, 'ANÁLISIS Y DETERMINACIÓN DE DISPOSITIVOS PARA EL CONTROL DE ACCESO AL ITI ', 'INSTITUTO TECNOLÓGICO DE IGUALA ', '0', 27, 2, 3, 25, 0),
	(82, 'Instalación de Reloj Checador para la Esc. Sec. Tec. 307 "Eduardo Gamboa Flores"', 'ESC. SEC. TEC. 307 "EDUARDO GAMBOA FLORES"', 'ING. JUAN CARLOS MONTAÑEZ VÁZQUEZ', 15, 0, 0, 0, 0),
	(83, 'SISTEMA DE PUNTO DE VENTA PARA LA EMPRESA BO HAIR STUDIO', 'BO HAIR STUDIO', 'MAURA MA. BERENICE OLGUIN ADAN ', 4, 0, 0, 0, 0),
	(84, 'SIN PROYECTO\r\n', 'INSTITUTO TECNOLÓGICO DE IGUALA', 'ING. JAVIER TABOADA VÁZQUEZ ', 0, 0, 0, 0, 0),
	(86, 'MANTENIMIENTO Y ADMINISTRACIÓN DEL EQUIPO DE CÓMPUTO DEL TECNOLÓGICO NACIONAL DE MEXICO CAMPUS IGUALA ', 'INSTITUTO TECNOLÓGICO DE IGUALA ', 'C.P. ANDREA ARZATE SALGADO', 29, 0, 0, 0, 0),
	(87, 'REESTRUCTURACION DE LA RED DE DATOS DEL TECNOLOGICO NACIONAL DE MEXICO CAMPUS IGUALA', 'TECNOLOGICO NACIONAL DE MEXICO CAMPUS IGUALA', 'ORLANDO HERNANDEZ PEREZ', 6, 0, 0, 0, 0),
	(88, 'SISTEMA DE PUNTO DE VENTA EN IMPRENTA LA CENTRAL', 'IMPRENTA LA CENTRAL', 'MARCO ANTONIO CANO HERNANDEZ', 25, 6, 3, 0, 27),
	(89, 'SCM-SC, Solution Center y Transformación Ágil', 'CORPORACIÓN DE SERVICIOS EN TECNOLOGÍA DE LA INFORMACIÓN (COSTI)', 'ING. ISMAEL BETANCOURT GARCIA', 2, 6, 27, 0, 3),
	(90, 'Proyectos en Procesos TI para Solution Center y Transformación Ágil ', 'CORPORACIÓN DE SERVICIOS EN TECNOLOGÍA DE LA INFORMACIÓN ', 'ING. ISMAEL BETANCOURT GARCIA ', 3, 0, 0, 0, 0),
	(91, 'SCM-SPEI, SCM Solution Center y Transformación Ágil ', 'CORPORACION DE SERVICIOS EN TECNOLOGÍA DE LA INFORMACIÓN (COSTI)  ', 'ING. ISMAEL BETANCOURT GARCIA ', 27, 2, 25, 0, 6),
	(92, 'ACTUALIZACIÓN DE LA CARTERA DE CLIENTES, EN LA BASE DE DATOS DE GRUPO FINANCIERO INBURSA, BASADA EN ORACLE SQL DEVELOPER', 'GRUPO FINANCIERO INBURSA', 'ING. MARIO ENRIQUE ESPINOSA OCAMPO', 2, 0, 0, 0, 0),
	(93, 'CONSULTOR Y VENTAS DE PRODUCTOS Y SERVICIOS', 'REMODELACIONES Y CONSTRUCCIONES IBARRA', 'ROBERTO CARLOS IBARRA TRINIDAD ', 21, 0, 0, 0, 0),
	(94, 'Página Web de Reservaciones del Hotel "Las Brisas"', 'Hotel las Brisas', 'ORLANDO HERNANDEZ PEREZ', 6, 0, 0, 0, 0),
	(95, 'Página Web de la Institución "Gral. Epifanio Rodriguez Adame" CBTa No. 223 de Cocula, Gro.', 'CBTa No. 223 ', 'LIC. GIOVANNY MARTINEZ VILLANUEVA', 30, 0, 0, 0, 0),
	(96, 'SISTEMA DE CONTROL Y ADMINISTRACIÓN DE INFORMACIÓN ESTUDIANTIL, ESCUELA PRIMARIA PROF. CARITINO MALDONADO PÉREZ, ZONA 134', 'ESCUELA PRIMARIA PROF. CARITINO MALDONADO PÉREZ', 'LIC. FRANCISCO ECHEVERRIA CARRANZA', 8, 2, 25, 0, 3),
	(97, 'SISTEMA DISTRIBUIDO PARA EL CONTROL DE AGREMIADOS (S.D.C.A.)', 'SINDICATO ESTATAL DE TRABAJADORES ADMINISTRATIVOS Y DE INTENDENCIA DEL GOBIERNO DEL ESTADO Y MUNICIPIOS (S.E.T.A.I.G.E.M.)', 'LIC. FANNY TORNES GONZALEZ', 16, 8, 14, 0, 5),
	(98, '"ASIGCMMI - Implementación y Evaluación"', 'CORPORACIÓN DE SERVICIOS EN TECNOLOGÍA DE LA INFORMACIÓN (COSTI) ', 'ING. VANESSA ISLAS PADILLA', 27, 0, 0, 0, 0),
	(99, '"DESARROLLO E IMPLEMENTACIÓN DE SISTEMA DE CONTROL DE INVENTARIO Y DISTRIBUCIÓN, DENTAL IMPLANT BIONIC."', 'CLÍNICA DE ESPECIALIDADES DENTAL ESTHETICS', 'Dr. ANGEL GAMALIEL MASTACHE ROMÁN', 25, 0, 0, 0, 0),
	(100, '"SISTEMA INTEGRAL DE RECURSOS HUMANOS Y CLIMA LABORAL"', 'OUTSOURCING CONSUTORIA Y COACHING DE CAPITAL HUMANO S. DE R.L.', 'LIC. JOSÉ MANUEL JIMÉNEZ SOTO', 2, 0, 0, 0, 0),
	(101, 'PLATAFORMAS EDUCATIVAS E IMPACTO DE LAS TAC EN LA EDUCACIÒN SUPERIOR DURANTE UNA CONTINGENCIA', 'TECNOLOGICO NACIONAL DE MEXICO CAMPUS IGUALA ', '0', 27, 25, 3, 2, 0),
	(102, 'APLICACIÓN MÓVIL: MANUAL DE CAPACITACIÓN DE EMPLEADOS PARA LA EMPRESA SABOR CHEPINA', 'SABOR CHEPINA', 'LIC. RAÚL CARMONA CUEVAS ', 2, 27, 3, 0, 6),
	(103, 'SISTEMA DE CONTROL DE INFORMACIÓN DEL PERSONAL', 'NEW YORK BEECKER CONSULTING S.A DE C.V.', 'ING. ERICK JESÚS DUBLÁN LIMÓN', 2, 0, 0, 0, 0),
	(104, 'DESARROLLO DE UNA APLICACIÓN WEB DE RESIDENCIAS PROFESIONALES EN EL INSTITUTO TECNOLÓGICO DE IGUALA', 'INSTITUTO TECNOLÓGICO DE IGUALA', 'M.C. FRANCISCO HAM SALGADO', 2, 6, 27, 0, 25),
	(105, 'ADMINISTRACIÓN DE LAS VLANS EN EL TECNM CAMPUS IGUALA', 'INSTITUTO TECNOLÓGICO DE IGUALA', 'M. C ORLANDO HERNÁNDEZ PÉREZ', 6, 3, 25, 0, 2),
	(106, 'SISTEMA DE CONTROL DE ACCESO A LOS LABORATORIOS DEL DEPARTAMENTO DE SISTEMAS Y COMPUTACIÓN (SCA – DSC)', 'TECNOLÓGICO NACIONAL DE MÉXICO CAMPUS IGUALA ', 'JORGE EDUARDO ORTEGA LOPEZ ', 10, 0, 0, 0, 0),
	(107, 'SISTEMA DE ELABORACIÓN DE FORMATOS PARA DOCENTES DEL DEPARTAMENTO DE SISTEMAS Y COMPUTACIÓN (SEF – DSC)', 'TECNOLÓGICO NACIONAL DE MÉXICO CAMPUS IGUALA ', 'JORGE EDUARDO ORTEGA LOPEZ ', 6, 0, 0, 0, 0),
	(108, 'Mantenibilidad de SCM', 'CORPORACIÓN DE SERVICIOS EN TECNOLOGÍA DE LA INFORMACIÓN (COSTI)', 'ING. VANESSA ISLAS PADILLA', 27, 0, 0, 0, 0),
	(109, 'DESARROLLO E IMPLEMENTACIÓN DE SISTEMA DE ADMINISTRACIÓN DE LA CLÍNICA DENTAL ESTHETICS', 'CLÍNICA DE ESPECIALIDADES DENTAL ESTHETICS ', 'DR. ANGEL GAMALIEL MASTACHE ROMÁN ', 9, 0, 0, 0, 0),
	(110, 'SISTEMA WEB PARA CONTROL Y ADMINISTRACIÓN DE INVENTARIOS EN EL CENTRO REGIONAL DE EDUCACIÓN NORMAL (CREN)', 'CENTRO REGIONAL DE EDUCACIÓN NORMAL (CREN)', 'ING. DANELLY GUADALUPE LÓPEZ ALONSO ', 3, 0, 0, 0, 0),
	(111, 'ADMINISTRACIÓN DE LA RED DEL TALLER DE OFIMATICA DEL C.B.T.i.s. No. 56', 'C.B.T.i.s. No. 56', 'LIC. PEDRO RAMÍREZ GONZÁLEZ', 12, 16, 8, 0, 1),
	(112, 'DESARROLLO DE APLICACIÓN MÓVIL PARA EL SEGUIMIENTO DE TÉCNICOS DE CAMPO', 'CAD&LAN S.A. MÉXICO ', 'ING. CHRISTIAN IVÁN LEDESMA BERMÚDEZ', 15, 0, 0, 0, 0),
	(113, 'Control y monitoreo en Oficina de Proyectos de Software', 'CORPORACIÓN DE SERVICIOS EN TECNOLOGÍA DE LA INFORMACIÓN (COSTI)', 'ING. CLARA ALICIA ESPARZA RODRÍGUEZ', 27, 25, 3, 0, 2),
	(114, 'DISEÑO, CONFIGURACIÓN E IMPLEMENTACIÓN DE RED DEL HOTEL BEST WESTERN', 'HOTEL BEST WESTERN GRAN PLAZA, IGUALA', 'C.P.F. RAYMUNDO DELABRA NAVARRO', 15, 10, 9, 0, 4),
	(115, 'SISTEMA DE CAPACITACIÓN DOCENTE DEL DEPARTAMENTO DE DESARROLLO ACADÉMICO DEL TECNM CAMPUS IGUALA', 'INSTITUTO TECNOLÓGICO DE IGUALA', 'M.A ELISA TRUJILLO BELTRAN', 6, 0, 0, 0, 0),
	(116, 'Creación y Administración de una cuenta en plataformas de streaming y generación de contenido', 'Xbox Dragones ', 'CP. DANIEL ARROYO ASTUDILLO', 5, 0, 0, 0, 0),
	(117, 'Elaboración e implementación de una página profesional en Facebook, y una página de venta de productos que se vincule a esta red social con publicidad del negocio local', 'Empresa Xbox Dragones', 'CP. DANIEL ARROYO ASTUDILLO', 9, 0, 0, 0, 0),
	(118, 'SISTEMA DE CONTROL DE PERSONAS DE LA TERCERA EDAD', 'DESARROLLO INTEGRAL DE LA FAMILIA (DIF) DE IGUALA GUERRERO', 'LIC. MIRNA MORENO CRUZ', 18, 9, 10, 0, 20),
	(119, 'APP REGISTRO Y CONTROL DE ENTRADA Y SALIDA DEL PERSONAL DEL ITI', 'INSTITUTO TECNOLOGICO DE IGUALA', 'ORLANDO PÉREZ HERNÁNDEZ', 20, 10, 7, 0, 29),
	(120, 'AMPLIACIÓN DE RED DE VOZ Y DATOS', 'INSTITUTO TECNOLÓGICO DE IGUALA', 'ORLANDO HERNANDEZ PÉREZ', 19, 15, 18, 0, 10),
	(121, 'Servidor de Archivos', 'Preparatoria n°41', 'Lic. Martin Rodríguez García', 29, 9, 19, 0, 22),
	(122, 'GESTIÓN INFORMÁTICA DEL PROCESO DE PROMOCIÓN Y ADMISIÓN DE NUEVO INGRESO', 'INSTITUTO TECNOLOGICO DE IGUALA', 'M.A ELISA TRUJILLO BELTRÁN', 4, 20, 9, 0, 19),
	(123, 'ADMINISTRACIÓN Y MANTENIMIENTO DE LA PÁGINA WEB DEL DEPARTAMENTO DE SISTEMAS Y COMPUTACIÓN', 'TECNOLÓGICO NACIONAL DE MÉXICO CAMPUS IGUALA', 'JORGE EDUARDO ORTEGA LÓPEZ', 10, 9, 4, 0, 15),
	(124, 'SISTEMA DE CLASIFICACIÓN DE PLANTAS EN WEB', 'LA CASA DEL XOLOIZCUINTLE', 'I.S.C. JAVIER TABOADA VÁZQUEZ', 9, 0, 0, 0, 0),
	(125, 'RESTRUCTURACIÓN DE LA RED DE LOS LABORATORIOS DEL EDIFICIO F Y G USANDO DISPOSITIVOS MIKRO TIK', 'TECNOLÓGICO NACIONAL DE MÉXICO CAMPUS IGUALA', 'JORGE EDUARDO ORTEGA LÓPEZ', 10, 20, 22, 0, 9),
	(126, 'PÁGINA WEB: MANUAL DE CAPACITACIÓN DE EMPLEADOS PARA LA EMPRESA SABOR CHEPINA', 'SABOR CHEPINA', 'LIC. RAÚL CARMONA CUEVAS ', 4, 7, 10, 0, 11),
	(127, 'ESTRATEGIAS DE MANTENIMIENTO PREVENTIVO EN MINERA MEDIA LUNA S.A. DE C.V.', 'MINERA MEDIA LUNA S.A. DE C.V.', 'ING. SAMUEL PALACIOS CAMACHO', 17, 0, 0, 0, 0),
	(128, 'MÓDULOS DE LA GESTIÓN FINANCIERA ORIENTADO A PROYECTO DE IOT', 'INSTITUTO NACIONAL DE ASTROFÍSICA, ÓPTICA Y ELECTRÓNICA. (INAOE)', 'DR. SAÚL EDUARDO POMARES HERNÁNDEZ', 21, 0, 0, 0, 0),
	(129, 'Elaboración e Implementación de un Sistema de entrenamiento de voz por video para el área de terapia de lenguaje en el DIF Iguala de la Independencia, Gro.', 'DIF MUNICIPAL DE IGUALA DE LA INDEPENDENCIA, GUERRERO.', 'L.T.S. Mirna Moreno Cruz ', 24, 0, 0, 0, 0),
	(130, 'APLICACIÓN Y BASE DE DATOS PARA LA GESTION DE VISITAS', 'TECNOLÓGICO NACIONAL DE MÉXICO CAMPUS IGUALA', 'CASTILLO ORTÍZ SINDYA YADIRA', 22, 0, 0, 0, 0),
	(131, 'ASISTENTE DE IA', 'INSTITUTO TECNOLÓGICO DE IGUALA', 'M.C. FRANCISCO HAM SALGADO', 8, 0, 0, 0, 0),
	(132, 'SISTEMA PARA AUTOMATIZACIÓN PARA RECARGAS DE DATOS PARA COMUNICACIÓN EN ENTORNO DE IOT MÓDULO 2', 'INSTITUTO NACIONAL DE ASTROFÍSICA, ÓPTICA Y ELECTRÓNICA (INAOE)', 'SAÚL EDUARDO POMARES HERNÁNDEZ', 3, 0, 0, 0, 0),
	(133, 'SISTEMA PARA AUTOMATIZACIÓN PARA RECARGAS DE DATOS PARA COMUNICACIÓN EN ENTORNO DE IOT MÓDULO 1', 'INSTITUTO NACIONAL DE ASTROFÍSICA, ÓPTICA Y ELECTRÓNICA (INAOE)', 'SAÚL EDUARDO POMARES HERNÁNDEZ', 3, 0, 0, 0, 0),
	(134, 'DESARROLLO DEL SISTEMA GESTOR DE CONSTANCIAS PARA ESTUDIANTES, EN EL DEPARTAMENTO DE SISTEMAS Y COMPUTACIÓN (SDC-DSC)', 'TECNOLÓGICO NACIONAL DE MÉXICO CAMPUS IGUALA ', 'SERGIO RICARDO ZAGAL BARRERA  ', 25, 3, 6, 0, 27),
	(135, 'Pruebas de Verificación al bot de Certificación MRH de BeeckerCo', 'NEW YORK BEECKER CONSULTING S.A DE C.V\r\nCUERNAVACA, MORELOS\r\n', 'ING. EN TI BRANDON DANIEL SOTELO MORENO', 3, 0, 0, 0, 0),
	(136, 'DESARROLLO DE UNA APLICACIÓN MÓVIL PARA LA PUBLICACIÓN DE INFORMACIÓN DE LA EMPRESA XBOX DRAGONES', 'XBOX DRAGONES', 'CP. DANIEL ARROYO ASTUDILLO', 9, 4, 10, 0, 18),
	(137, 'ACTUALIZACIÓN DE LA APP MÓVIL DEL CONALEP GUERRERO', 'CONALEP PLANTEL IGUALA 112', 'LIC. MARIEL GUADALUPE DELGADO ORTÍZ', 18, 0, 0, 0, 0),
	(138, 'Actualización del sistema de digitalización de documentos oficiales para el otorgamiento de cédula profesional', 'TECNOLÓGICO NACIONAL DE MÉXICO CAMPUS IGUALA', 'Ing. Leobarda Esperanza Soto Taboada', 10, 4, 29, 0, 7),
	(139, 'Elaboración e Implementación de un sistema de registro de estudiantes que realizan su servicio social en el DIF Iguala de la Independencia, Gro.', 'DIF MUNICIPAL DE IGUALA DE LA INDEPENDENCIA, GUERRERO.', 'L.T.S. Mirna Moreno Cruz ', 16, 0, 0, 0, 0),
	(140, 'PORTAL INTERACTIVO VALORES DIF', 'DESARROLLO INTEGRAL DE LA FAMILIA (DIF).', 'LIC. MIRNA MORENO CRUZ.', 21, 0, 0, 0, 0),
	(141, '“B & E” comprar con comodidad, es comprar con seguridad\r\n', 'CASA MARK`S', 'LIC. JUAN ROLDAN VALENTIN', 8, 14, 12, 0, 28),
	(142, 'MANTENIMIENTO Y ADMINISTRACIÓN DEL EQUIPO DE CÓMPUTO DEL TECNOLÓGICO NACIONAL DE MÉXICO / INSTITUTO TECNOLÓGICO DE IGUALA', 'TECNOLÓGICO NACIONAL DE MÉXICO CAMPUS IGUALA', 'M. I. M. ORLANDO HERNÁNDEZ PÉREZ', 30, 8, 17, 0, 12),
	(143, 'ADMINISTRACIÓN DE LA RED DEL CBTis No. 56', 'CBTis No. 56', 'Lic. Pedro Ramírez González', 14, 8, 30, 0, 5),
	(145, 'DISEÑO Y DESARROLLO DE MÓDULOS PARA CONTROL ESCOLAR', 'SOLUCIONES DIGITALES Y DE PROCESOS S.A. DE C.V.', 'ING. IVÁN ARANDA CAMARILLO', 25, 2, 6, 0, 17),
	(146, 'DESARROLLO DE PAGINA WEB MEZCAL', 'GRUPO SCALA', 'GERARDO ROSENDO MIRANDA', 22, 9, 7, 0, 20),
	(147, 'Plataforma web para la gestión de reportes orientado a los sistemas de IoT', 'INSTITUTO NACIONAL DE ASTROFÍSICA, ÓPTICA ELECTRÓNICA (INAOE)', 'DR. SAÚL EDUARDO POMARES HERNÁNDEZ', 28, 0, 0, 0, 0),
	(148, 'SISTEMA WEB ESTRATÉGICO', 'IGUALA DE LA INDEPENDENCIA GUERRERO\r\n“CREMERIA LA VAQUITA DE ARANTZA”\r\n', 'L.I. INDIRA TZIRINTZI PÉREZ BENITEZ', 6, 0, 0, 0, 0),
	(149, 'Manual de procesos y actividades para la implementación del producto EduManager', 'SOLUCIONES DIGITALES Y DE PROCESOS S.A. DE C.V.', 'ING. BERNARDO URIOSTEGUI CADENA', 25, 6, 27, 0, 21),
	(150, 'APLICACIÓN DE APRENDIZAJE PARA LA TERCERA EDAD', 'DESARROLLO INTEGRAL DE LA FAMILIA (DIF) DE IGUALA GUERRERO', 'L.T.S. MIRNA MORENO CRUZ', 1, 28, 8, 0, 14),
	(151, 'PROMOCIÓN Y PUBLICIDAD AL SALÓN DE EVENTOS QUINTA JESÚS', 'SALÓN DE EVENTOS QUINTA JESÚS', 'C. JOSÉ MARTINIANO SÁENZ RIVERA', 11, 29, 9, 0, 15),
	(152, 'Sistema Integral de Control Escolar Web', 'CENTRO DE ESTUDIOS SUPERIORES DEL VALLE DE IGUALA A.C.', 'M.E. EDGAR URIEL GARCÍA SÁNCHEZ', 27, 3, 6, 0, 16),
	(153, '"SISTEMA DE CONTROL DE ASISTENCIA PARA TUTORIAS” “SCAT”\r\n', 'UNIVERSIDAD AUTONOMA DE GUERRERO FACULTAD DE CIENCIAS AGRUPECUARIAS Y AMBIENTALES', 'M.C MANUEL HERNANDEZ RODRIGUEZ ', 9, 0, 0, 0, 0),
	(154, 'SISTEMA DE GENERACIÓN DE ACTAS DE EXAMEN PROFESIONAL', 'TECNOLÓGICO NACIONAL DE MEXICO CAMPUS IGUALA ', 'ING. LEOBARDA ESPERANZA SOTO TABOADA ', 10, 9, 4, 0, 7),
	(155, 'IMPLEMENTACIÓN DE PANELES SOLARES EN LA EMPRESA GIGABYTE SUCURSAL ALTAMIRANO', 'GIGABYTE SUCURSAL ALTAMIRANO', 'L.I. TOMAS ROMAN DIAZ', 14, 8, 12, 0, 1),
	(156, 'DESARROLLO DE UNA PÁGINA WEB IMPLEMENTANDO COMERCIO ELECTRÓNICO', 'SCALA NEGOCIOS', 'ING. JULIO CESAR REBOLLEDO OLIVARES', 27, 2, 3, 0, 25),
	(157, 'GENERACIÓN DE GRÁFICOS A PARTIR DEL ANÁLISIS DE INFORMACIÓN DE LA EMPRESA BIGOTE DE ORO', 'SCALA', 'ING. JULIO CESAR REBOLLEDO OLIVARES', 2, 3, 27, 0, 6),
	(158, 'IMPLEMENTACIÓN DE COMERCIO ELECTRÓNICO DE LA EMPRESA PROYECTOS CONSTRUCCIONES Y ACABADOS VIVA STONE, S.A. DE C.V.', 'Proyectos Construcciones y Acabados Viva Stone, S.A. de C.V.', 'Bio Arq. Ángel Humberto Zúñiga Galeana', 6, 27, 25, 0, 2),
	(159, 'ACTUALIZACIÓN DEL SISTEMA DE CONTROL DE PRODUCTOS Y VENTAS EN PLATAFORMA WEB Y MOVIL', 'FACULTAD DE CIENCIAS AGROPECUARIAS Y AMBIENTALES UNIVERSIDAD AUTÓNOMA DE GUERRERO\r\n', 'BRISA PASTRANA REYES', 10, 9, 4, 0, 20),
	(160, 'Sistema de automatización para el control de las ventas de la panadería Huitzuco', 'PANADERÍA HUITZUCO', 'LIC. LIDIA APONTE DÍAZ', 3, 0, 0, 0, 0),
	(161, 'PAGINA WEB DE LA IMPRENTA LA CENTRAL', 'IMPRENTA LA CENTRAL', 'MARCO ANTONIO CANO HERNÁNDEZ', 25, 0, 0, 0, 0),
	(162, 'CREACIÓN DE CONTENIDO DIGITAL DE LA EMPRESA UMAI', 'SCALA NEGOCIOS', 'ING. JULIO CESAR REBOLLEDO OLIVARES', 8, 14, 28, 0, 5),
	(163, 'SISTEMA DE INFORMACIÓN DE LA COORDINACIÓN DE LENGUAS EXTRANJERAS. (SICLE).', 'TECNOLÓGICO NACIONAL DE MÉXICO CAMPUS IGUALA', 'ING. SINDYA YADIRA CASTILLO ORTIZ', 9, 10, 19, 0, 21),
	(164, 'SISTEMA DE CONTROL DEL DEPARTAMENTO DE SISTEMAS Y COMPUTACIÓN', 'TECNOLÓGICO NACIONAL DE MÉXICO CAMPUS IGUALA', 'JORGE EDUARDO ORTEGA LÓPEZ   ', 9, 0, 0, 0, 0),
	(165, 'ENVIO DE NOTIFICACIONES DE LICENCIAS PROXIMAS A VENCER EN BEECKER', 'NEW YORK BEECKER CONSULTING S.A DE C.V.', 'ERICK JESUS DUBLAN LIMON', 28, 0, 0, 0, 0),
	(166, 'ACTUALIZACIÓN Y MEJORA DE LA APLICACIÓN WEB DE RESIDENCIAS PROFESIONALES EN EL INSTITUTO TECNOLÓGICO DE IGUALA', 'INSTITUTO TECNOLÓGICO DE IGUALA', 'M.E. SERGIO RICARDO ZAGAL BARRERA', 30, 0, 0, 0, 0),
	(167, 'BOT QUE REALIZA DESCARGA DE REPORTES DE LA PLATAFORMA FRESH DESK', 'NEW YORK BEECKER CONSULTING S.A DE C.V.', 'ERICK JESUS DUBLÁN LIMON', 19, 0, 0, 0, 0),
	(168, 'SISTEMA PARA EL PROCESO DE TITULACIÓN EN LA DIVISIÓN DE ESTUDIOS PROFESIONALES DEL TECNM CAMPUS IGUALA', 'TECNOLOGICO NACIONAL DE MEXICO CAMPUS IGUALA', 'M.C. FRANCISCO HAM SALGADO', 3, 0, 0, 0, 0),
	(169, '“DEPURACIÓN DEL SISTEMA DE GENERACIÓN DE ACTAS DE EXAMEN PROFESIONAL”', 'TECNOLÓGICO NACIONAL DE MÉXICO CAMPUS IGUALA ', 'ING. LEOBARDA ESPERANZA SOTO TABOADA ', 10, 0, 0, 0, 0),
	(170, '“SISTEMA DE REGISTRO DE ALTAS Y BAJAS DEL SEGURO SOCIAL”', 'TECNOLÓGICO NACIONAL DE MÉXICO CAMPUS IGUALA', 'ING. LEOBARDA ESPERANZA SOTO TABOADA ', 10, 0, 0, 0, 0),
	(171, '“SISTEMA DE VENTAS EN SUCURSAL”', 'TELCEL GALEANA', 'RAMONA EDUWIGES BARRERA ', 10, 0, 0, 0, 0),
	(172, '“PÁGINA WEB DE VENTAS EN TELCEL GALEANA”', 'TELCEL GALEANA', 'RAMONA EDUWIGES BARRERA ', 10, 0, 0, 0, 0),
	(173, '“APLICACIÓN MÓVIL DE MANEJO Y ADMINISTRACIÓN DE INVENTARIOS DE LA EMPRESA GIGABYTE”', 'GIGABYTE', 'ING. KENIA ITZEL CRUZ GONZALEZ', 3, 0, 0, 0, 0),
	(174, '“Para el control de citas, pagos e historia clínica\r\nde pacientes. (Actualización, ISC)”', 'CLÍNICA DE ESPECIALIDADES DENTAL ESTHETICS', 'ING. CARLOS OCAMPO', 9, 0, 0, 0, 0),
	(175, '“DESARROLLO Y APLICACIÓN DE UN SISTEMA DE INFORMACIÓN DEL PROGRAMA INTERNO DE PROTECCIÓN CIVIL PARA EL TECNOLOGICO NACIONAL DE MÉXICO.”', 'TECNOLÓGICO NACIONAL DE MÉXICO CAMPUS IGUALA', 'M.I.S. SINDYA YADIRA CASTILLO ORTIZ', 9, 0, 0, 0, 0),
	(176, '“CONTROL DE LAS VLANS EN EL TECNM CAMPUS IGUALA”', 'TECNOLÓGICO NACIONAL DE MÉXICO CAMPUS IGUALA', 'M.T.I. ORLANDO HERNÁNDEZ PÉREZ', 6, 13, 0, 0, 0),
	(177, '“Centro de Aplicaciones Académico-Administrativo (CAT-DSC)”', 'TECNOLÓGICO NACIONAL DE MÉXICO CAMPUS IGUALA ', 'SERGIO RICARDO ZAGAL BARRERA  ', 25, 0, 0, 0, 0),
	(178, '“SISTEMA DE EVALUACIÓN DOCENTE PARA EL CENTRO DE ESTUDIOS TÉCNICOS”', 'CENTRO DE ESTUDIOS TÉCNICOS (CET)', 'ING. HÉCTOR CASARRUBIAS ROBLES', 2, 0, 0, 0, 0),
	(179, '“ADMINISTRACIÓN DE LA RED DEL TALLER DE OFIMATICA DEL C.B.T.i.s. No. 56”', 'C.B.T.i.s. No. 56', 'Lic. Pedro Ramírez González', 12, 0, 0, 0, 0),
	(180, '“SISTEMA DE INSCRIPCIÓN DE CONTROL Y GENERACIÓN DE CONSTANCIAS DE CRÉDITOS COMPLEMENTARIOS DE ACTIVIDADES EXTRAESCOLARES”', 'TECNOLÓGICO NACIONAL DE MÉXICO CAMPUS IGUALA', 'M.C. MARGARITA BARRERA HERNÁNDEZ ', 2, 0, 0, 0, 0),
	(181, '“IMPLEMENTACIÓN DE SENSORES DE SEGURIDAD Y GPS PARA LA EMPRESA GIGABYTE”', 'EMPRESA GIGABYTE', 'LIC. TOMAS ROMAN DIAZ', 9, 0, 0, 0, 0),
	(182, '“MIGRACIÓN DEL MÓDULO DE CAPACITACIÓN DOCENTE DEL DEPARTAMENTO DE DESARROLLO ACADÉMICO DEL TECNM CAMPUS IGUALA”', 'TECNOLÓGICO NACIONAL DE MÉXICO CAMPUS IGUALA', 'M. A ELISA TRUJILLO BELTRÁN', 6, 0, 0, 0, 0),
	(183, '“CONTROL DE INVENTARIO DE BIBLIOTECA ESCOLAR”', 'CSAEGRO COCULA', 'M.C. MAYRA MERLOS', 3, 0, 0, 0, 0),
	(184, '“CREACIÓN DE UN SITIO WEB Y MANTENIMIENTO DE EQUIPOS DE CÓMPUTO PARA EL PERSONAL TRABAJADOR Y ESTUDIANTES DE LA ZONA NORTE Y TIERRA CALIENTE DE LA UNIVERSIDAD AUTÓNOMA DE GUERRERO.”', 'COORDINACIÓN GENERAL ZONA NORTE', 'M.C. VLADIMIR GALVAN DELGADO', 25, 0, 0, 0, 0),
	(185, '“SISTEMA PARA LA VENTA DE BOLETOS DE VIAJES TURÍSTICOS A U.S.A”', 'S & S TOURS', 'C. RUBEN SALGADO ALEMAN ', 18, 0, 0, 0, 0),
	(186, '“GESTIÓN DE REQUISICIONES DE PERSONAL”', 'SUMINISTRADORA DE SERVICIOS GRIVER S.A.P.I. DE C.V.', 'ISC. JORGE VINICIO VIVERO BALTAZAR', 4, 0, 0, 0, 0),
	(187, '“SISTEMA WEB DE GENERACION DE ORDENES DE POLIPASTOS PARA TECNOSUIZA S.A. DE C.V.”', 'TECNOSUIZA S.A. DE C.V.', 'C.P. JIMENA ELIZABETH FABREGAT PADILLA ', 4, 17, 0, 0, 0),
	(188, '“ADMINISTRACIÓN DE LA RED ACADEMICA DEL CBTis No. 56 Y DEL HOSPEDAJE WEB”', 'CBTis No. 56', 'Lic. Pedro Ramírez González', 14, 0, 0, 0, 0),
	(189, '“ACTUALIZACIÓN DE LA PAGINA WEB DE LA EMPRESA VIVASTONE”', 'VIVASTONE RECUBRIMIENTOS NATURALES', 'LIC. KARLA CELESTINO HERNÁNDEZ', 15, 0, 0, 0, 0),
	(190, '“CREACION DE CODIGOS QR PARA IDENTIFICAR PRODUCTOS DE LA EMPRESA VIVA STONE”', 'VIVA STONE RECUBRIMIENTOS NATURALES', 'LIC. KARLA CELESTINO HERNANDEZ', 6, 0, 0, 0, 0),
	(191, '“ELABORACIÓN E IMPLEMENTACIÓN DE UN SISTEMA DE INFORMACIÓN, PARA EL PROGRAMA INTERNO DE PROTECCIÓN CIVIL EN EL TECNM CAMPUS IGUALA”', 'TECNOLÓGICO NACIONAL DE MÉXICO CAMPUS IGUALA ', 'M.I.S SINDYA YADIRA CASTILLO ORTIZ', 2, 0, 0, 0, 0),
	(192, '“DESARROLLO Y CREACION DE NUEVOS MODULOS PARA EL SISTEMA EXPERTSOFT-MANAGER”', 'GIGABYTE ', 'Kenia Itzel Cruz González', 9, 0, 0, 0, 0),
	(193, '“TIENDA ONLINE GIGABYTE TELOLOAPAN”', 'GIGABYTE TELOLOAPAN', 'ING. MARIO ENRIQUE ESPINOSA OCAMPO', 27, 0, 0, 0, 0),
	(194, '“SISTEMA WEB ESDAFZK”', 'Escuela Superior de Danza Folklórica Zitlalkiahuitl, A. C.', 'M. C. Oscar Viveros García', 14, 0, 0, 0, 0),
	(195, '“Sistema De Digitalización Y Almacenamiento de Documentos Oficiales de los residentes del HOTEL BOUTIQUE CASA DE AGUA”', 'HOTEL BOUTIQUE CASA DE AGUA', 'M.B.A MARÍA EUNICE MENDOZA', 21, 0, 0, 0, 0),
	(196, '“RESTRUCTURACIÓN DE LA RED DE LOS LABORATORIOS DEL EDIFICIO F USANDO DISPOSITIVOS MIKROTIK”', 'TECNOLÓGICO NACIONAL DE MÉXICO CAMPUS IGUALA', 'SERGIO RICARDO ZAGAL BARRERA', 25, 0, 0, 0, 0),
	(197, '“SISTEMA DE CONTROL Y GENERACIÓN DE CONSTANCIAS DE CRÉDITOS COMPLEMENTARIOS DEL DEPARTAMENTO DE CIENCIAS ECONÓMICO ADMINISTRATIVAS”', 'TECNOLÓGICO NACIONAL DE MÉXICO CAMPUS IGUALA', 'L.C. YOLOXOCHITL SILVA CRUZ', 27, 0, 0, 0, 0),
	(198, '“GESTIÓN DE VISITAS A EMPRESAS DEL INSTITUTO TECNOLÓGICO DE IGUALA”', 'TECNOLÓGICO NACIONAL DE MÉXICO CAMPUS IGUALA', 'I.S.C. Javier Taboada Vázquez', 4, 0, 0, 0, 0),
	(199, '“SISTEMA PARA LA GESTIÓN DE CRÉDITOS (SisCred)”', 'SOLSER INFORMATION TECHNOLOGY', 'ING. IRVING GUZMAN SALAS', 17, 0, 0, 0, 0),
	(200, '“DESARROLLO, ACTUALIZACIÓN Y PUBLICACIÓN DE CONTENIDOS DEL SITIO WEB DEL INSTITUTO TECNOLÓGICO DE IGUALA”', 'TECNOLÓGICO NACIONAL DE MEXICO CAMPUS IGUALA ', '              ING. JAVIER TABOADA VÁZQUEZ', 7, 0, 0, 0, 0),
	(201, '“CREACIÓN DE MÓDULOS PARA EL SISTEMA EXPERTSOFT-MANAGER”', 'GIGABYTE', 'LIC. KENIA ITZEL CRUZ GONZÁLEZ', 8, 0, 0, 0, 0),
	(202, '“DISEÑO DE RED DE LOS LABORATORIOS DEL EDIFICIO F Y MANUALES DE USUARIO DE LOS EQUIPOS.', 'TECNOLÓGICO NACIONAL DE MÉXICO CAMPUS IGUALA', 'JORGE EDUARDO ORTEGA LÓPEZ ', 8, 0, 0, 0, 0),
	(203, '“Sistema de información para registro de clientes, reservación e inventario de productos De la Rinconada Hotel Boutique”', 'RINCONADA HOTEL BOUTIQUE', 'ANDRÉS ATZIN LÓPEZ ADAN', 3, 0, 0, 0, 0),
	(204, '“GESTIÓN DE VISITAS A EMPRESAS INSTITUTO TECNOLÓGICO DE IGUALA”', 'TECNOLÓGICO NACIONAL DE MEXICO CAMPUS IGUALA', 'I. S.C. JAVIER TABOADA VÁZQUEZ ', 8, 0, 0, 0, 0),
	(205, '“ELABORACIÓN DE UN SISTEMA WEB DE GESTIÓN DE ALUMNOS PARA EL CENTRO DE ESTUDIOS TÉCNICOS (C.E.T.)”', 'C.E.T CENTRO DE ESTUDIOS TÉCNICOS ', 'ING. HECTOR ENRIQUE CASARRUBIAS ROBLES ', 6, 0, 0, 0, 0),
	(206, '“SISTEMA DE INVENTARIO Y SERVICIO DE MANTENIMIENTO DE HARDWARE Y SOFTWARE PARA EL CENTRO DE CÓMPUTO DEL INSTITUTO UNIVERSITARIO RHEMA”', 'CENTRO UNIVERSITARIO RHEMA', 'M.C. OSDYEL URIEL OLEA MARTINEZ', 8, 0, 0, 0, 0),
	(207, '“Sistema cerebro de reparación”', 'Gigabyte', 'Ing. Kenia Itzel Cruz González', 15, 0, 0, 0, 0),
	(208, '“DISEÑO Y RESTRUCTURACIÓN DE LA RED DE LOS LABORATORIOS DEL EDIFICIO F”', 'TECNOLÓGICO NACIONAL DE MÉXICO CAMPUS IGUALA', 'M.E. SERGIO RICARDO ZAGAL BARRERA', 2, 0, 0, 0, 0);
/*!40000 ALTER TABLE `proyecto` ENABLE KEYS */;

-- Volcando estructura para tabla cat.registro
CREATE TABLE IF NOT EXISTS `registro` (
  `id` int(10) NOT NULL AUTO_INCREMENT,
  `alumno` varchar(50) DEFAULT NULL,
  `laboratorio` varchar(50) DEFAULT NULL,
  `fecha` varchar(50) DEFAULT NULL,
  `hora` varchar(50) DEFAULT NULL,
  PRIMARY KEY (`id`)
) ENGINE=InnoDB AUTO_INCREMENT=132 DEFAULT CHARSET=latin1;

-- Volcando datos para la tabla cat.registro: ~123 rows (aproximadamente)
/*!40000 ALTER TABLE `registro` DISABLE KEYS */;
INSERT INTO `registro` (`id`, `alumno`, `laboratorio`, `fecha`, `hora`) VALUES
	(1, 'JORGE ORLANDO ORTIZ CASTAÑEDA', 'Laboratorio de Aplicaciones', '14-12-2021', '09:43:58 am'),
	(2, 'JORGE ORLANDO ORTIZ CASTAÑEDA', NULL, '14-12-2021', '12:31:43 pm'),
	(3, 'JORGE ORLANDO ORTIZ CASTAÑEDA', 'Laboratorio de Programación', '14-12-2021', '12:45:22 pm'),
	(4, 'JORGE ORLANDO ORTIZ CASTAÑEDA', 'Laboratorio de Programación', '14-12-2021', '12:45:26 pm'),
	(5, 'JORGE ORLANDO ORTIZ CASTAÑEDA', 'Laboratorio de Redes', '14-12-2021', '12:45:57 pm'),
	(6, 'JORGE ORLANDO ORTIZ CASTAÑEDA', 'Laboratorio de Electrónica', '14-12-2021', '12:47:14 pm'),
	(7, 'NAZARIO SANTANA RODRIGUEZ', 'Laboratorio de Electrónica', '14-12-2021', '12:47:14 pm'),
	(8, 'JORGE ORLANDO ORTIZ CASTAEDA', 'Laboratorio de Telecomunicaciones', '14-12-2021', '12:52:49 pm'),
	(9, 'JORGE ORLANDO ORTIZ CASTAEDA', 'Laboratorio de Telecomunicaciones', '14-12-2021', '12:52:59 pm'),
	(10, 'JORGE ORLANDO ORTIZ CASTAEDA', 'Laboratorio de Telecomunicaciones', '14-12-2021', '12:54:56 pm'),
	(11, 'NAZARIO SANTANA RODRIGUEZ', 'Laboratorio de Aplicaciones', '14-12-2021', '12:55:38 pm'),
	(12, 'JORGE ORLANDO ORTIZ CASTAEDA', 'Laboratorio de Programación', '14-12-2021', '01:36:11 pm'),
	(13, 'JORGE ORLANDO ORTIZ CASTAEDA', 'Laboratorio de Programación', '14-12-2021', '01:36:15 pm'),
	(14, 'JORGE ORLANDO ORTIZ CASTAEDA', 'Laboratorio de Programación', '14-12-2021', '01:36:19 pm'),
	(15, 'JORGE ORLANDO ORTIZ CASTAEDA', 'Laboratorio de Aplicaciones', '15-12-2021', '01:57:09 am'),
	(16, 'JoRGE ORLANDO ORTIZ CASTAEDA', 'Laboratorio de Aplicaciones', '15-12-2021', '01:57:24 am'),
	(17, 'JORGE ORLANDO ORTIZ CASTAEDA', 'Laboratorio de Sistemas Embebidos', '15-12-2021', '01:57:59 am'),
	(18, 'JORGE ORLANDO ORTIZ CASTAEDA', 'Laboratorio de Redes', '15-12-2021', '01:58:06 am'),
	(19, 'JORGE ORLANDO ORTIZ CASTAEDA', 'Laboratorio de Programación', '15-12-2021', '01:58:13 am'),
	(20, 'JORGE ORLANDO ORTIZ CASTAEDA', 'Laboratorio de Electrónica', '15-12-2021', '01:58:22 am'),
	(21, 'JORGE ORLANDO ORTIZ CASTAEDA', 'Laboratorio de Telecomunicaciones', '15-12-2021', '01:58:29 am'),
	(22, 'JORGE ORLANDO ORTIZ CASTAEDA', 'Laboratorio de Diseño', '15-12-2021', '01:58:37 am'),
	(23, 'JORGE ORLANDO ORTIZ CASTAEDA', 'Laboratorio de Aplicaciones', '15-12-2021', '02:01:16 am'),
	(24, 'JORGE ORLANDO ORTIZ CASTAEDA', 'Laboratorio de Aplicaciones', '15-12-2021', '02:02:04 am'),
	(25, 'JORGE ORLANDO ORTIZ CASTAEDA', 'Laboratorio de Aplicaciones', '15-12-2021', '02:02:13 am'),
	(26, 'JoRGE ORLANDO ORTIZ CASTAEDA', 'Laboratorio de Aplicaciones', '15-12-2021', '02:04:09 am'),
	(27, 'JoRGE ORLANDO ORTIZ CASTAEDA', 'Laboratorio de Aplicaciones', '15-12-2021', '02:04:38 am'),
	(28, 'JORGE ORLANDO ORTIZ CASTAEDA', 'Laboratorio de Aplicaciones', '15-12-2021', '02:04:49 am'),
	(29, 'JORGE ORLANDO ORTIZ CASTAEDA', 'Laboratorio de Aplicaciones', '15-12-2021', '02:05:10 am'),
	(30, 'JORGE ORLANDO ORTIZ CASTAEDA', 'Laboratorio de Aplicaciones', '15-12-2021', '02:05:14 am'),
	(31, 'JORGE ORLANDO ORTIZ CASTAEDA', 'Laboratorio de Aplicaciones', '15-12-2021', '02:05:37 am'),
	(32, 'JORGE ORLANDO ORTIZ CASTAEDA', 'Laboratorio de Aplicaciones', '15-12-2021', '02:08:34 am'),
	(33, 'JORGE ORLANDO ORTIZ CASTAEDA', 'Laboratorio de Aplicaciones', '15-12-2021', '02:08:51 am'),
	(34, 'JORGE ORLANDO ORTIZ CASTAEDA', 'Laboratorio de Aplicaciones', '15-12-2021', '02:09:02 am'),
	(35, 'JORGE ORLANDO ORTIZ CASTAEDA', 'Laboratorio de Aplicaciones', '15-12-2021', '02:09:25 am'),
	(36, 'JORGE ORLANDO ORTIZ CASTAEDA', 'Laboratorio de Aplicaciones', '15-12-2021', '02:10:03 am'),
	(37, 'JORGE ORLANDO ORTIZ CASTAEDA', 'Laboratorio de Aplicaciones', '15-12-2021', '02:10:24 am'),
	(38, 'JORGE ORLANDO ORTIZ CASTAEDA', 'Laboratorio de Aplicaciones', '15-12-2021', '02:10:35 am'),
	(39, 'JORGE ORLANDO ORTIZ CASTAEDA', 'Laboratorio de Aplicaciones', '15-12-2021', '02:10:40 am'),
	(40, 'JORGE ORLANDO ORTIZ CASTAEDA', 'Laboratorio de Aplicaciones', '15-12-2021', '02:10:44 am'),
	(41, 'JORGE ORLANDO ORTIZ CASTAEDA', 'Laboratorio de Aplicaciones', '15-12-2021', '02:10:55 am'),
	(42, 'JORGE ORLANDO ORTIZ CASTAEDA', 'Laboratorio de Aplicaciones', '15-12-2021', '02:11:47 am'),
	(43, 'JORGE ORLANDO ORTIZ CASTAEDA', 'Laboratorio de Aplicaciones', '15-12-2021', '02:12:14 am'),
	(44, 'JORGE ORLANDO ORTIZ CASTAEDA', 'Laboratorio de Aplicaciones', '15-12-2021', '02:13:12 am'),
	(45, 'JORGE ORLANDO ORTIZ CASTAEDA', 'Laboratorio de Aplicaciones', '15-12-2021', '02:14:09 am'),
	(46, 'JORGE ORLANDO ORTIZ CASTAEDA', 'Laboratorio de Aplicaciones', '15-12-2021', '02:14:33 am'),
	(47, 'JORGE ORLANDO ORTIZ CASTAEDA', 'Laboratorio de Aplicaciones', '15-12-2021', '02:15:59 am'),
	(48, 'JORGE ORLANDO ORTIZ CASTAEDA', 'Laboratorio de Aplicaciones', '15-12-2021', '02:16:30 am'),
	(49, 'JORGE ORLANDO ORTIZ CASTAEDA', 'Laboratorio de Aplicaciones', '15-12-2021', '02:16:52 am'),
	(50, 'JORGE ORLANDO ORTIZ CASTAEDA', 'Laboratorio de Aplicaciones', '15-12-2021', '02:17:42 am'),
	(51, 'JORGE ORLANDO ORTIZ CASTAEDA', 'Laboratorio de Aplicaciones', '15-12-2021', '02:18:04 am'),
	(52, 'JORGE ORLANDO ORTIZ CASTAEDA', 'Laboratorio de Aplicaciones', '15-12-2021', '02:18:08 am'),
	(53, 'JORGE ORLANDO ORTIZ CASTAEDA', 'Laboratorio de Aplicaciones', '15-12-2021', '02:18:11 am'),
	(54, 'JORGE ORLANDO ORTIZ CASTAEDA', 'Laboratorio de Aplicaciones', '15-12-2021', '02:18:15 am'),
	(55, 'JORGE ORLANDO ORTIZ CASTAEDA', 'Laboratorio de Aplicaciones', '15-12-2021', '02:18:19 am'),
	(56, 'JORGE ORLANDO ORTIZ CASTAEDA', 'Laboratorio de Aplicaciones', '15-12-2021', '02:18:22 am'),
	(57, 'JORGE ORLANDO ORTIZ CASTAEDA', 'Laboratorio de Aplicaciones', '15-12-2021', '02:18:26 am'),
	(58, 'JORGE ORLANDO ORTIZ CASTAEDA', 'Laboratorio de Aplicaciones', '15-12-2021', '02:20:08 am'),
	(59, 'JORGE ORLANDO ORTIZ CASTAEDA', 'Laboratorio de Aplicaciones', '15-12-2021', '02:47:48 am'),
	(60, 'JORGE ORLANDO ORTIZ CASTAEDA', 'Laboratorio de Aplicaciones', '15-12-2021', '02:48:39 am'),
	(61, 'JORGE ORLANDO ORTIZ CASTAEDA', 'Laboratorio de Aplicaciones', '15-12-2021', '02:51:26 am'),
	(62, 'JORGE ORLANDO ORTIZ CASTAEDA', 'Laboratorio de Aplicaciones', '15-12-2021', '02:52:20 am'),
	(63, 'JORGE ORLANDO ORTIZ CASTAEDA', 'Laboratorio de Aplicaciones', '15-12-2021', '02:53:39 am'),
	(64, 'JORGE ORLANDO ORTIZ CASTAEDA', 'Laboratorio de Aplicaciones', '15-12-2021', '02:54:44 am'),
	(65, 'JORGE ORLANDO ORTIZ CASTAEDA', 'Laboratorio de Aplicaciones', '15-12-2021', '02:55:06 am'),
	(66, 'JORGE ORLANDO ORTIZ CASTAEDA', 'Laboratorio de Aplicaciones', '15-12-2021', '02:56:47 am'),
	(67, 'JORGE ORLANDO ORTIZ CASTAEDA', 'Laboratorio de Aplicaciones', '15-12-2021', '02:58:23 am'),
	(68, 'JORGE ORLANDO ORTIZ CASTAEDA', 'Laboratorio de Aplicaciones', '15-12-2021', '03:01:08 am'),
	(69, 'JORGE ORLANDO ORTIZ CASTAEDA', 'Laboratorio de Aplicaciones', '15-12-2021', '03:01:12 am'),
	(70, 'JORGE ORLANDO ORTIZ CASTAEDA', 'Laboratorio de Aplicaciones', '15-12-2021', '03:01:22 am'),
	(71, 'JORGE ORLANDO ORTIZ CASTAEDA', 'Laboratorio de Aplicaciones', '15-12-2021', '03:01:30 am'),
	(72, 'JORGE ORLANDO ORTIZ CASTAEDA', 'Laboratorio de Aplicaciones', '15-12-2021', '03:01:44 am'),
	(73, 'JORGE ORLANDO ORTIZ CASTAEDA', 'Laboratorio de Aplicaciones', '15-12-2021', '03:01:48 am'),
	(74, 'JORGE ORLANDO ORTIZ CASTAEDA', 'Laboratorio de Aplicaciones', '15-12-2021', '03:01:56 am'),
	(75, 'JORGE ORLANDO ORTIZ CASTAEDA', 'Laboratorio de Aplicaciones', '15-12-2021', '03:02:04 am'),
	(76, 'JORGE ORLANDO ORTIZ CASTAEDA', 'Laboratorio de Aplicaciones', '15-12-2021', '03:02:30 am'),
	(77, 'JORGE ORLANDO ORTIZ CASTAEDA', 'Laboratorio de Aplicaciones', '15-12-2021', '03:02:34 am'),
	(78, 'JORGE ORLANDO ORTIZ CASTAEDA', 'Laboratorio de Aplicaciones', '15-12-2021', '03:02:40 am'),
	(79, 'JORGE ORLANDO ORTIZ CASTAEDA', 'Laboratorio de Aplicaciones', '15-12-2021', '03:02:49 am'),
	(80, 'JORGE ORLANDO ORTIZ CASTAEDA', 'Laboratorio de Aplicaciones', '15-12-2021', '03:03:34 am'),
	(81, 'JORGE ORLANDO ORTIZ CASTAEDA', 'Laboratorio de Sistemas Embebidos', '15-12-2021', '03:04:39 am'),
	(82, 'JORGE ORLANDO ORTIZ CASTAEDA', 'Laboratorio de Sistemas Embebidos', '15-12-2021', '03:05:20 am'),
	(83, 'JORGE ORLANDO ORTIZ CASTAEDA', 'Laboratorio de Sistemas Embebidos', '15-12-2021', '03:05:27 am'),
	(84, 'JORGE ORLANDO ORTIZ CASTAEDA', 'Laboratorio de Sistemas Embebidos', '15-12-2021', '03:05:37 am'),
	(85, 'JORGE ORLANDO ORTIZ CASTAEDA', 'Laboratorio de Aplicaciones', '15-12-2021', '03:43:30 am'),
	(86, 'JORGE ORLANDO ORTIZ CASTAEDA', 'Laboratorio de Aplicaciones', '15-12-2021', '03:43:42 am'),
	(87, 'JORGE ORLANDO ORTIZ CASTAEDA', 'Laboratorio de Aplicaciones', '15-12-2021', '03:43:46 am'),
	(88, 'JORGE ORLANDO ORTIZ CASTAEDA', 'Laboratorio de Aplicaciones', '15-12-2021', '03:43:50 am'),
	(89, 'JoRGE ORLANDO ORTIZ CASTAEDA', 'Laboratorio de Aplicaciones', '15-12-2021', '03:44:03 am'),
	(90, 'JORGE ORLANDO ORTIZ CASTAEDA', 'Laboratorio de Aplicaciones', '15-12-2021', '03:44:09 am'),
	(91, 'JoRGE ORLANDO ORTIZ CASTAEDA', 'Laboratorio de Aplicaciones', '15-12-2021', '03:44:16 am'),
	(92, 'JORGE ORLANDO ORTIZ CASTAEDA', 'Laboratorio de Aplicaciones', '15-12-2021', '03:44:34 am'),
	(93, 'JORGE ORLANDO ORTIZ CASTAEDA', 'Laboratorio de Aplicaciones', '15-12-2021', '03:46:04 am'),
	(94, 'JORGE ORLANDO ORTIZ CASTAEDA', 'Laboratorio de Aplicaciones', '15-12-2021', '03:46:15 am'),
	(95, 'JORGE ORLANDO ORTIZ CASTAEDA', 'Laboratorio de Aplicaciones', '15-12-2021', '03:46:18 am'),
	(96, 'JORGE ORLANDO ORTIZ CASTAEDA', 'Laboratorio de Aplicaciones', '15-12-2021', '03:46:25 am'),
	(97, 'JORGE ORLANDO ORTIZ CASTAEDA', 'Laboratorio de Aplicaciones', '15-12-2021', '03:46:31 am'),
	(98, 'JORGE ORLANDO ORTIZ CASTAEDA', 'Laboratorio de Aplicaciones', '15-12-2021', '03:46:37 am'),
	(99, 'JORGE ORLANDO ORTIZ CASTAEDA', 'Laboratorio de Aplicaciones', '15-12-2021', '03:46:50 am'),
	(100, 'JORGE ORLANDO ORTIZ CASTAEDA', 'Laboratorio de Diseño', '15-12-2021', '03:47:56 am'),
	(101, 'JORGE ORLANDO ORTIZ CASTAEDA', 'Laboratorio de Aplicaciones', '15-12-2021', '03:48:08 am'),
	(102, 'JORGE ORLANDO ORTIZ CASTAEDA', 'Laboratorio de Aplicaciones', '15-12-2021', '11:49:47 am'),
	(103, 'JORGE ORLANDO ORTIZ CASTAEDA', 'Laboratorio de Aplicaciones', '15-12-2021', '11:50:27 am'),
	(104, 'JORGE ORLANDO ORTIZ CASTAEDA', 'Laboratorio de Aplicaciones', '15-12-2021', '11:51:49 am'),
	(105, 'JORGE ORLANDO ORTIZ CASTAEDA', 'Laboratorio de Aplicaciones', '15-12-2021', '11:54:00 am'),
	(106, 'JORGE ORLANDO ORTIZ CASTAEDA', 'Laboratorio de Aplicaciones', '15-12-2021', '11:55:00 am'),
	(107, 'JORGE ORLANDO ORTIZ CASTAEDA', 'Laboratorio de Aplicaciones', '15-12-2021', '11:55:07 am'),
	(108, 'JoRGE ORLANDO ORTIZ CASTAEDA', 'Laboratorio de Aplicaciones', '15-12-2021', '12:19:51 pm'),
	(109, 'JORGE ORLANDO ORTIZ CASTAEDA', 'Laboratorio de Aplicaciones', '15-12-2021', '12:21:12 pm'),
	(110, 'JORGE ORLANDO ORTIZ CASTAEDA', 'Laboratorio de Aplicaciones', '15-12-2021', '12:21:51 pm'),
	(111, 'JORGE ORLANDO ORTIZ CASTAEDA', 'Laboratorio de Aplicaciones', '15-12-2021', '12:22:10 pm'),
	(112, 'JORGE ORLANDO ORTIZ CASTAEDA', 'Laboratorio de Aplicaciones', '15-12-2021', '12:23:24 pm'),
	(113, 'JORGE ORLANDO ORTIZ CASTAEDA', 'Laboratorio de Aplicaciones', '15-12-2021', '12:24:34 pm'),
	(114, 'JORGE ORLANDO ORTIZ CASTAEDA', 'Laboratorio de Aplicaciones', '15-12-2021', '12:24:45 pm'),
	(115, 'JoRGE ORLANDO ORTIZ CASTAEDA', 'Laboratorio de Aplicaciones', '15-12-2021', '12:29:36 pm'),
	(116, 'JORGE ORLANDO ORTIZ CASTAEDA', 'Laboratorio de Aplicaciones', '15-12-2021', '12:29:44 pm'),
	(117, 'JORGE ORLANDO ORTIZ CASTAEDA', 'Laboratorio de Aplicaciones', '15-12-2021', '12:29:54 pm'),
	(118, 'JORGE ORLANDO ORTIZ CASTAEDA', 'Laboratorio de Aplicaciones', '15-12-2021', '12:30:03 pm'),
	(119, 'JORGE ORLANDO ORTIZ CASTAEDA', 'Laboratorio de Aplicaciones', '15-12-2021', '12:31:06 pm'),
	(120, 'JORGE ORLANDO ORTIZ CASTAEDA', 'Laboratorio de Aplicaciones', '15-12-2021', '12:31:56 pm'),
	(121, 'JORGE ORLANDO ORTIZ CASTAEDA', 'Laboratorio de Aplicaciones', '15-12-2021', '12:32:29 pm'),
	(122, 'JORGE ORLANDO ORTIZ CASTAEDA', 'Laboratorio de Aplicaciones', '15-12-2021', '12:32:44 pm'),
	(123, 'JORGE ORLANDO ORTIZ CASTAEDA', 'Laboratorio de Diseño', '15-12-2021', '12:33:01 pm'),
	(124, 'JORGE ORLANDO ORTIZ CASTAEDA', 'Laboratorio de Aplicaciones', '15-12-2021', '12:33:35 pm'),
	(125, 'JORGE ORLANDO ORTIZ CASTAEDA', 'Laboratorio de Aplicaciones', '15-12-2021', '12:33:44 pm'),
	(126, 'JORGE ORLANDO ORTIZ CASTAEDA', 'Laboratorio de Aplicaciones', '15-12-2021', '12:34:08 pm'),
	(127, 'JORGE ORLANDO ORTIZ CASTAEDA', 'Laboratorio de Aplicaciones', '15-12-2021', '12:34:19 pm'),
	(128, 'JORGE ORLANDO ORTIZ CASTAEDA', 'Laboratorio de Aplicaciones', '15-12-2021', '12:35:28 pm'),
	(129, 'JORGE ORLANDO ORTIZ CASTAEDA', 'Laboratorio de Aplicaciones', '15-12-2021', '12:35:39 pm'),
	(130, 'JORGE ORLANDO ORTIZ CASTAEDA', 'Laboratorio de Aplicaciones', '15-12-2021', '12:35:54 pm'),
	(131, 'JORGE ORLANDO ORTIZ CASTAEDA', 'Laboratorio de Aplicaciones', '15-12-2021', '12:35:59 pm');
/*!40000 ALTER TABLE `registro` ENABLE KEYS */;

-- Volcando estructura para tabla cat.residentes
CREATE TABLE IF NOT EXISTS `residentes` (
  `id` int(10) unsigned NOT NULL AUTO_INCREMENT,
  `noControl` varchar(12) CHARACTER SET utf8 NOT NULL,
  `nombre` varchar(50) CHARACTER SET utf8 NOT NULL,
  `apellidoP` varchar(50) CHARACTER SET utf8 NOT NULL,
  `apellidoM` varchar(50) CHARACTER SET utf8 NOT NULL,
  `carrera` varchar(50) CHARACTER SET utf8 NOT NULL,
  `periodo` varchar(45) CHARACTER SET utf8 NOT NULL,
  `anio` varchar(45) CHARACTER SET utf8 NOT NULL,
  `sexo` varchar(50) CHARACTER SET utf8 NOT NULL,
  `telefono` varchar(11) CHARACTER SET utf8 NOT NULL,
  `revisionOk` int(1) unsigned NOT NULL DEFAULT '0',
  `tipo_registro` int(11) NOT NULL,
  `proyecto_id` int(10) unsigned NOT NULL,
  PRIMARY KEY (`id`),
  KEY `fk_residentes_proyecto_idx` (`proyecto_id`),
  CONSTRAINT `fk_residentes_proyecto` FOREIGN KEY (`proyecto_id`) REFERENCES `proyecto` (`id`)
) ENGINE=InnoDB AUTO_INCREMENT=203 DEFAULT CHARSET=utf8 COLLATE=utf8_unicode_ci;

-- Volcando datos para la tabla cat.residentes: ~201 rows (aproximadamente)
/*!40000 ALTER TABLE `residentes` DISABLE KEYS */;
INSERT INTO `residentes` (`id`, `noControl`, `nombre`, `apellidoP`, `apellidoM`, `carrera`, `periodo`, `anio`, `sexo`, `telefono`, `revisionOk`, `tipo_registro`, `proyecto_id`) VALUES
	(1, '14670015', 'ARTURO', 'PINEDA', 'VAZQUEZ', 'Ingeniería en Sistemas Computacionales', 'EJ', '2019', 'M', '7331311187', 3, 1, 2),
	(2, '14670008', 'MARIA DEL CARMEN', 'IZOTECO', 'PORFIRIO', 'Ingeniería en Sistemas Computacionales', 'EJ', '2019', 'F', '7331173602', 3, 1, 3),
	(3, '15670362', 'HECTOR DE JESUS', 'MASTACHE', 'SALGADO', 'Ingeniería en Sistemas Computacionales', 'EJ', '2019', 'M', '33 36375', 3, 1, 4),
	(4, '14670021', 'DELIA MARLEN', 'ANDRADE ', 'PEREZ', 'Ingeniería en Sistemas Computacionales', 'EJ', '2019', 'F', '7331364219', 3, 1, 5),
	(5, '14670065', 'JESUS ALEJANDRO', 'MARTINEZ', 'VILLEGAS', 'Ingeniería en Sistemas Computacionales', 'EJ', '2019', 'M', '33 26317', 3, 1, 6),
	(6, '14670050', 'LORENZA', 'TORRES', 'TOLEDO', 'Ingeniería en Sistemas Computacionales', 'EJ', '2019', 'F', '7361043320', 3, 1, 7),
	(7, '14670042', 'MARICARMEN ', 'CRUZ MANJARREZ', 'HERNANDEZ', 'Ingeniería en Sistemas Computacionales', 'EJ', '2019', 'F', '7361060194', 3, 1, 8),
	(8, '14670020', 'JOSE FRANCISCO', 'VILLA', 'ESCALERA', 'Ingeniería en Sistemas Computacionales', 'EJ', '2019', 'M', '1313484', 3, 1, 9),
	(9, '14670027', 'ENRRIQUE', 'CHEGUE', 'VILLANUEVA', 'Ingeniería en Sistemas Computacionales', 'AD', '2019', 'M', '7331084591', 3, 1, 10),
	(12, '14670074', 'CARLOS ADRIAN', 'JORDAN', 'RAMIREZ', 'Ingeniería en Sistemas Computacionales', 'AD', '2019', 'M', '7331216186', 2, 1, 13),
	(13, '15670044', 'ALBERTO', 'REGINO', 'CRUZ', 'Ingeniería en Sistemas Computacionales', 'AD', '2019', 'M', '7331527915', 3, 1, 14),
	(14, '15670004', 'HECTOR ARTURO', 'ROMAN ', 'BANDERA', 'Ingeniería en Sistemas Computacionales', 'AD', '2019', 'M', '7331190680', 3, 1, 15),
	(15, '15670042', 'CARMELO', 'VILLA', 'QUEVEDO', 'Ingeniería en Sistemas Computacionales', 'AD', '2019', 'M', '7621287499', 3, 1, 16),
	(16, '15670049', 'DIANA LAURA', 'GONGORA', 'REYES', 'Ingeniería en Sistemas Computacionales', 'AD', '2019', 'F', '7331207722', 3, 1, 17),
	(17, '15670352', 'NORMA', 'ALCAIDE', 'CARRANZA', 'Ingeniería Informática', 'AD', '2019', 'F', '7331180650', 3, 1, 18),
	(18, '15670030', 'TATIANA YATZHIRY', 'REYES', 'GARCIA', 'Ingeniería en Sistemas Computacionales', 'AD', '2019', 'F', '7331098307', 3, 1, 19),
	(19, '15670009', 'HECTOR SAUL', 'MARTINEZ', 'BERNAL', 'Ingeniería en Sistemas Computacionales', 'AD', '2019', 'M', '7331206012', 3, 1, 20),
	(20, '15670023', 'MANUEL ALEJANDRO', 'MARTINEZ ', 'RAMIREZ', 'Ingeniería en Sistemas Computacionales', 'AD', '2019', 'M', '7331280078', 3, 1, 21),
	(21, '15670057', 'ANGEL DE JESUS', 'ROMERO', 'ROSAS', 'Ingeniería en Sistemas Computacionales', 'AD', '2019', 'M', '7331416047', 3, 1, 22),
	(22, '15670059', 'GUADALUPE', 'GARCIA', 'CARDENAS', 'Ingeniería en Sistemas Computacionales', 'AD', '2019', 'F', '7333390477', 3, 1, 23),
	(23, '15670010', 'MARCO URIEL', 'SALGADO', 'TAMPA', 'Ingeniería en Sistemas Computacionales', 'AD', '2019', 'M', '7331483478', 2, 1, 24),
	(24, '15670032', 'MIRIAM', 'PINEDA', 'CUEVAS', 'Ingeniería en Sistemas Computacionales', 'AD', '2019', 'F', '7331558845', 3, 1, 25),
	(25, '15670075', 'DIANA ELIZABETH', 'ORTIZ', 'ORTIZ', 'Ingeniería en Sistemas Computacionales', 'AD', '2019', 'F', '7335935969', 3, 1, 26),
	(26, '15670038', 'JOSÉ', 'VELÁZQUEZ', 'JIMÉNEZ', 'Ingeniería en Sistemas Computacionales', 'AD', '2019', 'M', '7331071065', 3, 1, 27),
	(27, '15670078', 'MA. DE LOURDES', 'RODRIGUEZ', 'VILLEGAS', 'Ingeniería en Sistemas Computacionales', 'AD', '2019', 'M', '7331360137', 3, 1, 28),
	(28, '14670086', 'PEDRO ANGEL', 'CARDONA', 'MORALES', 'Ingeniería en Sistemas Computacionales', 'AD', '2019', 'M', '7331572931', 0, 1, 29),
	(29, '15670085', 'GERARDO', 'SANCHEZ', 'ROMERO', 'Ingeniería en Sistemas Computacionales', 'AD', '2019', 'M', '7331189688', 3, 1, 30),
	(30, '14670231', 'JESUS EMANUEL', 'SALGADO', 'VILLALOBOS', 'Ingeniería en Sistemas Computacionales', 'AD', '2019', 'M', '7333370931', 3, 1, 31),
	(31, '15670080', 'LILIANA ELIZABETH', 'GARRIDO', 'SANCHEZ', 'Ingeniería en Sistemas Computacionales', 'AD', '2019', 'F', '7331282731', 3, 1, 32),
	(32, '15670013', 'HECTOR', 'SOLIS', 'JIMENEZ', 'Ingeniería Informática', 'AD', '2019', 'M', '7331080307', 3, 1, 33),
	(33, '14670009', 'JESUS ARMANDO', 'VIEYRA', 'MORALES', 'Ingeniería Informática', 'AD', '2019', 'M', '7621050735', 0, 1, 34),
	(34, '15670079', 'VANESSA ', 'DIAZ', 'LANDA', 'Ingeniería Informática', 'AD', '2019', 'M', '7361113399', 3, 1, 35),
	(35, '15670065', 'MARIA ESTEFANY', 'NERI', 'HERNANDEZ', 'Ingeniería Informática', 'AD', '2019', 'F', '7332948334', 3, 1, 36),
	(36, '14670077', 'JESUS', 'JIMENEZ', 'ABARCA', 'Ingeniería Informática', 'AD', '2019', 'M', '7331152176', 0, 1, 37),
	(37, '15670108', 'JAVIER ', 'SALINAS', 'BUSTAMANTE', 'Ingeniería Informática', 'AD', '2019', 'M', '7331357923', 3, 1, 38),
	(38, '14670094', 'DAMIAN', 'FLORES', 'BAHENA', 'Ingeniería Informática', 'AD', '2019', 'M', '7222602395', 3, 1, 39),
	(39, '15670007', 'JULISSA CITLALI', 'HERNANDEZ', 'LOPEZ', 'Ingeniería Informática', 'AD', '2019', 'F', '7331349446', 3, 1, 40),
	(40, '15670021', 'RAFAEL ALEJANDRO ', 'SANTOS', 'TRUJILLO', 'Ingeniería en Sistemas Computacionales', 'AD', '2019', 'M', '7331487116', 3, 1, 41),
	(41, '15670066', 'VICENTE', 'URIOSTEGUI', 'VILLALBA', 'Ingeniería Informática', 'AD', '2019', 'M', '0', 3, 1, 42),
	(42, '15670025', 'BERNARDO', 'CASTREJON', 'CASTREJON', 'Ingeniería Informática', 'AD', '2019', 'M', '7331571871', 3, 1, 43),
	(43, '15670062', 'LIZETH', 'CERON', 'MAZON', 'Ingeniería Informática', 'AD', '2019', 'F', '7331000901', 3, 1, 44),
	(44, '15670019', 'JETZE OFNIEL ', 'BUSTAMANTE', 'TRUJILLO', 'Ingeniería en Sistemas Computacionales', 'AD', '2019', 'M', '7331089226', 3, 1, 45),
	(45, '15670040', 'ARACELI', 'MARTÍNEZ', 'QUINTANA', 'Ingeniería en Sistemas Computacionales', 'AD', '2019', 'F', '7331050073', 3, 1, 46),
	(46, '14670375', 'PEDRO CESAR ', 'GARCIA', 'ROA', 'Ingeniería en Sistemas Computacionales', 'AD', '2019', 'M', '7331062328', 3, 1, 47),
	(47, '15670051', 'YONATHAN', 'ROMÁN', 'SALGADO', 'Ingeniería en Sistemas Computacionales', 'AD', '2019', 'M', '7331089089', 3, 1, 48),
	(48, '15670072', 'IGNACIO', 'TETITLAN', 'PALATZIN', 'Ingeniería en Sistemas Computacionales', 'AD', '2019', 'M', '7331077670', 3, 1, 49),
	(49, '15670098', 'CARLOS', 'DíAZ', 'SANDOVAL', 'Ingeniería en Sistemas Computacionales', 'AD', '2019', 'M', '7621220662', 3, 1, 50),
	(50, '15670028', 'JOSÉ ALFREDO', 'PERALTA', 'GARCÍA', 'Ingeniería en Sistemas Computacionales', 'AD', '2019', 'M', '7331277015', 3, 1, 51),
	(51, '15670037', 'JESSICA', 'RODRIGUEZ', 'CIRIACO', 'Ingeniería en Sistemas Computacionales', 'AD', '2019', 'F', '7331529020', 3, 1, 52),
	(52, '15670054', 'GUADALUPE ITZEL', 'VELASCO', 'SOLIS', 'Ingeniería Informática', 'AD', '2019', 'F', '7335831965', 3, 1, 53),
	(53, '14670013', 'FRANCISCO JAVIER', 'MENDOZA', 'FERNANDEZ', 'Ingeniería Informática', 'AD', '2019', 'M', '7331893281', 0, 1, 54),
	(54, '15670047', 'PAULINA', 'SALGADO', 'SALGADO', 'Ingeniería en Sistemas Computacionales', 'AD', '2019', 'F', '7331470583', 3, 1, 55),
	(55, '15670035', 'HUGO DANIEL', 'OLIVARES', 'ORTIZ', 'Ingeniería en Sistemas Computacionales', 'AD', '2019', 'M', '7331079771', 2, 1, 56),
	(56, '14670105', 'LUIS', 'VILLANUEVA', 'VEGA', 'Ingeniería en Sistemas Computacionales', 'AD', '2019', 'M', '7331916488', 3, 1, 57),
	(57, '15670036', 'NOE', 'SEDANO', 'FIGUEROA', 'Ingeniería en Sistemas Computacionales', 'AD', '2019', 'M', '7331064143', 3, 1, 58),
	(58, '15670346', 'NAYELI', 'MARTÍNEZ', 'SOLANO', 'Ingeniería Informática', 'AD', '2019', 'M', '7361009366', 1, 1, 59),
	(59, '15670319', 'LAURA DEL ROCIO ', 'HUERTA', 'APARICIO', 'Ingeniería Informática', 'AD', '2019', 'F', '7331070341', 3, 1, 60),
	(60, '15670053', 'RAFAEL ', 'QUINTO', 'ZAGAL', 'Ingeniería en Sistemas Computacionales', 'AD', '2019', 'M', '7331346389', 3, 1, 61),
	(61, '14670064', 'JOAQUIN ADOLFO', 'DOMINGUEZ', 'BAHENA', 'Ingeniería en Sistemas Computacionales', 'AD', '2019', 'M', '7331269260', 3, 1, 62),
	(62, '15670027', 'CARLOS', 'URIOSTEGUI', 'MORENO', 'Ingeniería en Sistemas Computacionales', 'AD', '2019', 'M', '7361066429', 3, 1, 63),
	(63, '14670104', 'JOSE ADRIAN', 'CERON', 'LOPEZ', 'Ingeniería en Sistemas Computacionales', 'AD', '2019', 'M', '7331909113', 3, 1, 64),
	(64, '15670076', 'BRIAN ANTONIO', 'CHAPLIN', 'CUENCA', 'Ingeniería Informática', 'AD', '2019', 'M', '7331071397', 0, 1, 65),
	(65, '15670090', 'JAVIER', 'CASTAÑEDA', 'DOMINGUEZ', 'Ingeniería en Sistemas Computacionales', 'AD', '2019', 'M', '7621166226', 3, 1, 66),
	(66, '15670031', 'RICARDO YAIR', 'GARCIA', 'VARGAS', 'Ingeniería en Sistemas Computacionales', 'AD', '2019', 'M', '7332948267', 3, 1, 67),
	(67, '15670061', 'PAOLA DENISSE', 'LOPEZ', 'CASTRO', 'Ingeniería en Sistemas Computacionales', 'AD', '2019', 'F', '7331903270', 3, 1, 68),
	(68, '15670052', 'JOSÉ ALBERTO', 'RÍOS ', 'ROMÁN', 'Ingeniería en Sistemas Computacionales', 'EJ', '2020', 'M', '7331423037', 0, 1, 69),
	(69, '16670012', 'SAUL AMADO', 'MORENO', 'RIOS', 'Ingeniería en Sistemas Computacionales', 'EJ', '2019', 'M', '7333378209', 0, 1, 70),
	(70, '16670018', 'FREDY OSVALDO ', 'HERNANDEZ', 'GONZALEZ', 'Ingeniería en Sistemas Computacionales', 'EJ', '2020', 'M', '7331588966', 3, 1, 71),
	(71, '13670057', 'ALECXA SCARLETT', 'HERNANDEZ ', 'QUEZADA', 'Ingeniería en Sistemas Computacionales', 'EJ', '2019', 'F', '7331510752', 0, 1, 72),
	(72, '15670043', 'SAÚL', 'AVILÉS', 'MILLÁN', 'Ingeniería en Sistemas Computacionales', 'EJ', '2019', 'M', '7621157373', 3, 1, 73),
	(73, '15670082', 'VICTOR MANUEL', 'ECHEVERRIA', 'MORALES', 'Ingeniería en Sistemas Computacionales', 'EJ', '2019', 'M', '7331423477', 3, 1, 74),
	(74, '16670002', 'JOSE IVAN', 'ESTRADA', 'ARELLANO', 'Ingeniería en Sistemas Computacionales', 'EJ', '2019', 'M', '7331076260', 3, 1, 75),
	(75, '15670008', 'JONATHAN JOSE', 'LOPEZ', 'MARTINEZ', 'Ingeniería Informática', 'EJ', '2019', 'M', '7331560070', 3, 1, 76),
	(77, '03670290', 'EDWIN AGUSTIN ', 'ROQUE ', 'ROA', 'Ingeniería en Sistemas Computacionales', 'AD', '2019', 'M', '0', 3, 2, 81),
	(78, '14670352', 'MAX', 'RAMIREZ', 'ARANCIBIA', 'Ingeniería Informática', 'EJ', '2020', 'M', '7331076190', 0, 1, 82),
	(79, '14670103', 'KAREN LORELY', 'REYNA', 'VARGAS', 'Ingeniería en Sistemas Computacionales', 'EJ', '2020', 'F', '7331690684', 1, 1, 83),
	(80, '17670001', 'ARISBETH', 'ALCOCER', 'CUEVAS', 'Ingeniería en Sistemas Computacionales', 'EJ', '2020', 'F', '7331278510', 0, 1, 84),
	(81, '15670083', 'ALEXANDER', 'NAJERA', 'GARCIA', 'Ingeniería Informática', 'EJ', '2020', 'M', '7271018959', 0, 1, 86),
	(82, '14670086', 'PEDRO ANGEL', 'CARDONA', 'MORALES', 'Ingeniería en Sistemas Computacionales', 'EJ', '2020', 'M', '7331572931', 1, 1, 87),
	(83, '15670064', 'EDGAR EZEQUIEL', 'CANO', 'BAHENA', 'Ingeniería en Sistemas Computacionales', 'EJ', '2020', 'M', '7331054723', 3, 1, 88),
	(84, '16670014', 'JOSÉ JUAN ', 'MUNDO', 'MENDOZA', 'Ingeniería en Sistemas Computacionales', 'EJ', '2020', 'M', '7621105085', 3, 1, 89),
	(85, '16670001', 'CATALINA', 'MORALES', 'CORTÉS', 'Ingeniería en Sistemas Computacionales', 'EJ', '2020', 'F', '7341268613', 0, 1, 90),
	(86, '16670011', 'PAULA', 'SALGADO', 'FLORES', 'Ingeniería en Sistemas Computacionales', 'EJ', '2020', 'F', '7331346474', 3, 1, 91),
	(87, '16670004', 'VÍCTOR DANIEL', 'SANCHEZ', 'VELAZQUEZ', 'Ingeniería en Sistemas Computacionales', 'EJ', '2020', 'M', '7621076836', 0, 1, 92),
	(88, '13670116', 'EDGAR', 'TRUJILLO ', 'SANTIAGUILLO', 'Ingeniería en Sistemas Computacionales', 'EJ', '2020', 'M', '7331291750', 0, 1, 93),
	(89, '14670120', 'CARLOS ALFREDO ', 'MARTINEZ', 'MARIN', 'Ingeniería en Sistemas Computacionales', 'EJ', '2020', 'M', '7335844010', 0, 1, 94),
	(90, '14670243', 'MARY CARMEN', 'FLORES', 'GUADARRAMA', 'Ingeniería Informática', 'EJ', '2020', 'F', '7771499845', 0, 1, 95),
	(91, '15670084', 'ERIC FRANCISCO', 'ROQUE', 'TORRES', 'Ingeniería en Sistemas Computacionales', 'EJ', '2020', 'M', '7331283063', 3, 1, 96),
	(92, '15670101', 'MIGUEL ANGEL', 'TORNEZ', 'GONZALEZ', 'Ingeniería en Sistemas Computacionales', 'EJ', '2020', 'M', '7331363364', 3, 1, 97),
	(93, '16670231', 'ANA JESSICA', 'CERECER ', 'FLORES', 'Ingeniería en Sistemas Computacionales', 'AD', '2020', 'F', '0', 0, 1, 98),
	(94, '16670129', 'CARLOS', 'OCAMPO', 'PINEDA', 'Ingeniería en Sistemas Computacionales', 'AD', '2020', 'M', '7331008887', 0, 1, 99),
	(95, '16670038', 'ANTONIO', 'ROMAN', 'MADRID', 'Ingeniería en Sistemas Computacionales', 'AD', '2020', 'M', '733135326', 0, 1, 100),
	(96, '03670322', 'ANDRE', 'MANJARREZ', 'CORIA ', 'Ingeniería en Sistemas Computacionales', 'AD', '2020', 'M', 'O', 3, 2, 101),
	(97, '16670035', 'MARTIN ALEJANDRO', 'MILLAN ', 'CAMPUZANO', 'Ingeniería en Sistemas Computacionales', 'AD', '2020', 'M', '7621175350', 3, 1, 102),
	(98, '16670023', 'SHANIKDHEYRA', 'CRUZ MANJARREZ', 'VELAZQUEZ', 'Ingeniería en Sistemas Computacionales', 'AD', '2020', 'F', '7331252475', 0, 1, 103),
	(99, '16670026', 'EDGAR RENE', 'APONTE', 'PINEDA', 'Ingeniería en Sistemas Computacionales', 'AD', '2020', 'M', '7271036758', 3, 1, 104),
	(100, '16670041', 'ANGEL ARMANDO ', 'CATALAN', 'DE JESUS', 'Ingeniería en Sistemas Computacionales', 'AD', '2020', 'M', '7331137112', 3, 1, 105),
	(101, '16670114', 'VLADIMIR', 'SOTO', 'ROA', 'Ingeniería en Sistemas Computacionales', 'AD', '2020', 'M', '7331555143', 0, 1, 106),
	(102, '16670084', 'FRIDA RAQUEL ', 'TOLEDO', 'GUZMAN', 'Ingeniería en Sistemas Computacionales', 'AD', '2020', 'F', '7331187116', 0, 1, 107),
	(103, '16670052', 'RODOLFO', 'ZACARIAS', 'GARCIA', 'Ingeniería en Sistemas Computacionales', 'AD', '2020', 'M', '5540477544', 0, 1, 108),
	(104, '16670073', 'ERIKA ZULEIMA', 'BRITO ', 'GARCIA', 'Ingeniería en Sistemas Computacionales', 'AD', '2020', 'F', '7621061001', 0, 1, 109),
	(105, '16670031', 'IRVING SAMUEL', 'LEON', 'RUEDA', 'Ingeniería en Sistemas Computacionales', 'AD', '2020', 'M', '7331385278', 0, 1, 110),
	(106, '16670322', 'ALEJANDRO ', 'ALEJANDRO', 'SÁNCHEZ', 'Ingeniería Informática', 'AD', '2020', 'M', '0', 3, 1, 111),
	(107, '16670341', 'MARLON ALBERTO', 'JACOBO', 'RIVERA', 'Ingeniería en Sistemas Computacionales', 'AD', '2020', 'M', '0', 0, 1, 112),
	(108, '16670259', 'MARCO ANTONIO', 'GARCIA ', 'SALINA', 'Ingeniería en Sistemas Computacionales', 'AD', '2020', 'M', '0', 3, 1, 113),
	(109, '16670124', 'YONATHAN YAEL', 'MACIAS ', 'LOPEZ', 'Ingeniería en Sistemas Computacionales', 'AD', '2020', 'M', '0', 3, 1, 114),
	(110, '16670397', 'YULISSA', 'RUIZ ', 'SALGADO', 'Ingeniería en Sistemas Computacionales', 'AD', '2020', 'F', '0', 0, 1, 115),
	(111, '16670043', 'ANTONIO VLADIMIR', 'SALGADO ', 'RAMIREZ', 'Ingeniería Informática', 'AD', '2020', 'M', '0', 0, 1, 116),
	(112, '16670269', 'YAHIR', 'JAIMES', 'JAIMES', 'Ingeniería Informática', 'AD', '2020', 'M', '7621114120', 0, 1, 117),
	(113, '16670069', 'ALAN JESUS', 'MASTACHE ', 'SANTANA', 'Ingeniería Informática', 'AD', '2020', 'M', '0', 3, 1, 118),
	(114, '16670074', 'FELIPE', 'HUICOCHEA', 'CARBAJAL', 'Ingeniería en Sistemas Computacionales', 'AD', '2020', 'M', '0', 3, 1, 119),
	(115, '16670101', 'KARLA PATRICIA', 'MORENO', 'AVALOS', 'Ingeniería Informática', 'AD', '2020', 'F', '0', 3, 1, 120),
	(116, '16670102', 'MARIANO', 'MACEDA', 'CASTAÑEDA', 'Ingeniería Informática', 'AD', '2020', 'M', '0', 3, 1, 121),
	(117, '16670092', 'TANIA', 'ROMAN', 'HERNANDEZ', 'Ingeniería Informática', 'AD', '2020', 'F', '0', 3, 1, 122),
	(118, '16670295', ' CARLOS ANDRES', 'VEGA', 'GUTIERREZ', 'Ingeniería en Sistemas Computacionales', 'AD', '2020', 'M', '0', 3, 1, 123),
	(119, '16670037', 'CELIA ANDREA', 'CASTRO', 'DIAZ', 'Ingeniería Informática', 'AD', '2020', 'F', '7331391618', 0, 1, 124),
	(120, '16670307', 'JUANA IRIS', 'GARCIA', 'MORALES', 'Ingeniería en Sistemas Computacionales', 'AD', '2020', 'F', '0', 3, 1, 125),
	(121, '16670366', 'MA. ESTHER ', 'PICHARDO', 'SALGADO', 'Ingeniería en Sistemas Computacionales', 'AD', '2020', 'F', '7331097162', 3, 1, 126),
	(122, '15670094', 'MARTHA', 'DELGADO', 'QUEBRADO', 'Ingeniería en Sistemas Computacionales', 'AD', '2020', 'F', '0', 0, 1, 127),
	(123, '16670339', 'YAZMIN', 'DIRZO', 'VARGAS', 'Ingeniería en Sistemas Computacionales', 'AD', '2020', 'F', '0', 0, 1, 128),
	(124, '15670087', 'GRACIELA', 'ORTIZ', 'FIGUEROA', 'Ingeniería en Sistemas Computacionales', 'AD', '2020', 'F', '0', 0, 1, 129),
	(125, '16670016', 'DANIEL', 'ANTUNEZ', 'MANRA', 'Ingeniería en Sistemas Computacionales', 'AD', '2020', 'M', '0', 0, 1, 130),
	(126, '16670329', 'DIANA LIZBETH', 'CASTRO ', 'VILLAMIL', 'Ingeniería Informática', 'AD', '2020', 'F', '0', 0, 1, 131),
	(127, '16670059', 'GUATAVO', 'CHINO', 'BARRIOS', 'Ingeniería en Sistemas Computacionales', 'AD', '2020', 'M', '0', 0, 1, 132),
	(128, '16670033', 'EDUARDO', 'BALLADRES', 'BUSTAMANTE', 'Ingeniería en Sistemas Computacionales', 'AD', '2020', 'M', '0', 0, 1, 133),
	(129, '16670022', 'KEVIN', 'HERNANDEZ', 'CARRANZA', 'Ingeniería en Sistemas Computacionales', 'AD', '2020', 'M', '0', 3, 1, 134),
	(130, '16670058', 'AYLIN FERNANDA', 'VALADEZ', 'GONZÁLEZ', 'Ingeniería en Sistemas Computacionales', 'AD', '2020', 'F', '0', 0, 1, 135),
	(131, '16670070', 'JOSE MANUEL', 'ROJAS ', 'MORALES', 'Ingeniería Informática', 'AD', '2020', 'M', '7331551024', 3, 1, 136),
	(132, '15670024', 'MAYRA', 'VALADEZ', 'RAMIREZ', 'Ingeniería en Sistemas Computacionales', 'AD', '2020', 'F', '0', 0, 1, 137),
	(133, '16670095', 'SARA HIDEKEL', 'LAZARO', 'CARRANZA', 'Ingeniería en Sistemas Computacionales', 'AD', '2020', 'F', '0', 3, 1, 138),
	(134, '15670292', 'EDOARDO', 'GUZMAN', 'ALBARRAN', 'Ingeniería en Sistemas Computacionales', 'AD', '2020', 'M', '0', 0, 1, 139),
	(135, '16670126', 'ELIZABETH ', 'FUENTES ', 'SALGADO', 'Ingeniería Informática', 'AD', '2020', 'F', '0', 0, 1, 140),
	(136, '14670061', 'EVER', 'SALINAS ', 'MENDOZA', 'Ingeniería en Sistemas Computacionales', 'AD', '2020', 'F', '0', 3, 1, 141),
	(137, '16670113', 'MARIA', 'GARRIDO ', 'SALINAS', 'Ingeniería Informática', 'AD', '2020', 'F', '0', 3, 1, 142),
	(138, '17670001', 'ARISBETH', 'ALCOCER', 'CUEVAS', 'Ingeniería en Sistemas Computacionales', 'AD', '2020', 'F', '0', 3, 1, 143),
	(139, '15670017', 'LEONARDO', 'FLORES', 'DE LOS SANTOS ', 'Ingeniería en Sistemas Computacionales', 'AD', '2020', 'M', '0', 3, 1, 145),
	(140, '16670003', 'OSCAR', 'BAHENA', 'MAZON', 'Ingeniería en Sistemas Computacionales', 'AD', '2020', 'M', '0', 3, 1, 146),
	(141, '16670115', 'JESE EVERARDO', 'ZORRILLA', 'ARAGON', 'Ingeniería en Sistemas Computacionales', 'AD', '2020', 'M', '0', 0, 1, 147),
	(142, '16670123', 'EDGAR', 'MANUEL', 'ALONSO', 'Ingeniería Informática', 'AD', '2020', 'M', '0', 0, 1, 148),
	(143, '16670068', 'JOSE ARMANDO', 'VAZQUEZ', 'MORALES', 'Ingeniería en Sistemas Computacionales', 'AD', '2020', 'M', '0', 3, 1, 149),
	(144, '16670093', 'MIRIAM', 'MORENO ', 'ARROYO', 'Ingeniería Informática', 'AD', '2020', 'F', '0', 3, 1, 150),
	(145, '16670097', 'ESTEBAN', 'CARREÑO ', 'DELGADO', 'Ingeniería Informática', 'AD', '2020', 'M', '0', 3, 1, 151),
	(146, '14670089', 'GIVER ALEJADRO', 'LOZANO', 'AYALA', 'Ingeniería en Sistemas Computacionales', 'AD', '2020', 'M', '0', 3, 1, 152),
	(147, '16670060', 'IRVIN YAIR', 'ROLDAN ', 'SERRANO', 'Ingeniería en Sistemas Computacionales', 'EJ', '2021', 'M', '0', 0, 1, 153),
	(148, '16670040', 'JORGE LUIS ', 'MATA', 'BRAVO', 'Ingeniería en Sistemas Computacionales', 'EJ', '2021', 'M', '0', 3, 1, 154),
	(149, '16670216', 'JHON BRANDON', 'MORALES', 'BARRIOS', 'Ingeniería en Sistemas Computacionales', 'EJ', '2021', 'M', '0', 3, 1, 155),
	(150, '16670039', 'MA. FERNANDA ', 'SANCHEZ', 'BUSTOS', 'Ingeniería en Sistemas Computacionales', 'EJ', '2021', 'F', '0', 3, 1, 156),
	(151, '16670045', 'JOSE ABRAHAM', 'RIVERA', 'BRITO', 'Ingeniería en Sistemas Computacionales', 'EJ', '2021', 'M', '0', 3, 1, 157),
	(152, '16670328', 'DAVID', 'MARTINEZ', 'DIAZ', 'Ingeniería en Sistemas Computacionales', 'EJ', '2021', 'M', '0', 3, 1, 158),
	(153, '16670065', 'CRISTIAN OMAR', 'GUZMAN', 'VARGAS', 'Ingeniería en Sistemas Computacionales', 'EJ', '2021', 'M', '0', 3, 1, 159),
	(154, '16670030', 'EMMANUEL', 'GAYTAN', 'ROMERO ', 'Ingeniería en Sistemas Computacionales', 'AD', '2021', 'M', '0', 0, 1, 160),
	(155, '15670029', 'JESUS DAVID', 'PILO', 'GUERRERO', 'Ingeniería en Sistemas Computacionales', 'EJ', '2021', 'M', '7331069526', 0, 1, 161),
	(156, '16670044', 'MARILAURA', 'RIVERA', 'BRITO', 'Ingeniería en Sistemas Computacionales', 'EJ', '2021', 'F', '0', 3, 1, 162),
	(157, '16670302', 'AMBAR CELESTE', 'PORTILLO', 'RESENDIZ', 'Ingeniería en Sistemas Computacionales', 'EJ', '2021', 'F', '0', 3, 1, 163),
	(158, '17670034', 'JORGE ORLANDO', 'ORTIZ', 'CASTAÑEDA', 'Ingeniería en Sistemas Computacionales', 'AD', '2021', 'M', '7621115584', 0, 1, 164),
	(159, '17670376', 'RONALDO', 'ROMAN', 'RAMIREZ', 'Ingeniería en Sistemas Computacionales', 'AD', '2021', 'M', '0', 0, 1, 165),
	(160, '17670023', 'LUCIO EDUARDO', 'GONZALEZ', 'GILEZ', 'Ingeniería en Sistemas Computacionales', 'AD', '2021', 'M', '0', 0, 1, 166),
	(161, '17670078', 'DIANA ARALI', 'EVANGELISTA ', 'CARMONA', 'Ingeniería en Sistemas Computacionales', 'AD', '2021', 'F', '0', 0, 1, 167),
	(162, '15670096', 'VERONICA GUADALUPE', 'CASTRO ', 'CARMONA', 'Ingeniería en Sistemas Computacionales', 'AD', '2021', 'F', '0', 0, 1, 168),
	(163, '16670134', 'ALEJANDRO ', 'GUTIÉRREZ', 'MORALES', 'Ingeniería en Sistemas Computacionales', 'AD', '2021', 'M', '0', 1, 1, 169),
	(164, '16670325', 'LUIS GUILLERMO ', 'CARDOSO', 'MORENO', 'Ingeniería en Sistemas Computacionales', 'AD', '2021', 'M', '0', 1, 1, 170),
	(165, '17670054', 'ABIGAIL', 'VALLADARES', 'ZAGAL', 'Ingeniería en Sistemas Computacionales', 'AD', '2021', 'M', '0', 1, 1, 171),
	(166, '17670036', 'AMADO EUQUELDER', 'FLORES', 'LAGUNAS', 'Ingeniería en Sistemas Computacionales', 'AD', '2021', 'M', '0', 1, 1, 172),
	(167, '17670057', 'SANTIAGO', 'NAVA', 'ADRIAN', 'Ingeniería en Sistemas Computacionales', 'AD', '2021', 'M', '0', 1, 1, 173),
	(168, '17670099', 'DANIEL', 'ROMERO', 'SOLANO', 'Ingeniería en Sistemas Computacionales', 'AD', '2021', 'M', '0', 1, 1, 174),
	(169, '16670099', 'LILIANA', 'MARIN', 'FELICIANO', 'Ingeniería Informática', 'AD', '2021', 'F', '0', 1, 1, 175),
	(170, '17670095', 'PEDRO', 'ROMÁN', 'ALMAZÁN', 'Ingeniería en Sistemas Computacionales', 'AD', '2021', 'M', '0', 0, 1, 176),
	(171, '17670004', 'NAZARIO', 'SANTANA', 'RODRÍGUEZ', 'Ingeniería en Sistemas Computacionales', 'AD', '2021', 'M', '0', 1, 1, 177),
	(172, '17670131', 'HÉCTOR JAVIER', 'VÁZQUEZ', 'RODRÍGUEZ', 'Ingeniería en Sistemas Computacionales', 'AD', '2021', 'M', '0', 0, 1, 178),
	(173, '17670258', 'MARIA DEL ROSARIO ', 'RAMOS', 'FERNANDEZ', 'Ingeniería Informática', 'AD', '2021', 'F', '0', 1, 1, 179),
	(174, '17670245', 'GUADALUPE DAMARY ', 'DÍAZ', 'SANTOS', 'Ingeniería Informática', 'AD', '2021', 'F', '0', 1, 1, 180),
	(175, '17670034', 'JORGE ORLANDO', 'ORTIZ', 'CASTAÑEDA', 'Ingeniería en Sistemas Computacionales', 'AD', '2021', 'M', '7621115584', 0, 1, 181),
	(176, '17670085', 'LUIS FERNANDO ', 'ANDRÉS', 'CRUZ', 'Ingeniería en Sistemas Computacionales', 'AD', '2021', 'M', '0', 0, 1, 182),
	(177, '17670110', 'SEBASTIÁN GERARDO', 'PALACIOS', 'PÉREZ', 'Ingeniería en Sistemas Computacionales', 'AD', '2021', 'M', '0', 0, 1, 183),
	(178, '17670017', 'KEVIN ALEXIS', 'ALBARRÁN', 'VERÓN', 'Ingeniería en Sistemas Computacionales', 'AD', '2021', 'M', '0', 1, 1, 184),
	(179, '16670230', 'GERARDO', 'CLAUDIO', 'OCAMPO', 'Ingeniería en Sistemas Computacionales', 'AD', '2021', 'M', '0', 0, 1, 185),
	(180, '17670013', 'MARCO ANTONIO', 'DELGADO', 'QUEZADA', 'Ingeniería en Sistemas Computacionales', 'AD', '2021', 'M', '0', 1, 1, 186),
	(181, '17670145', 'PEDRO', 'DELGADO', 'GONZALEZ', 'Ingeniería en Sistemas Computacionales', 'AD', '2021', 'M', '0', 1, 1, 187),
	(182, '17670087', 'ABDI JACIEL', 'ROMERO', 'FLORES', 'Ingeniería en Sistemas Computacionales', 'AD', '2021', 'M', '0', 1, 1, 188),
	(183, '17670059', 'FABIÁN', 'OCAMPO', 'VAZQUEZ', 'Ingeniería en Sistemas Computacionales', 'AD', '2021', 'M', '0', 0, 1, 189),
	(184, '17670058', 'IRIS JAZMIN', 'ZAGAL', 'DIAZ', 'Ingeniería en Sistemas Computacionales', 'AD', '2021', 'F', '0', 1, 1, 190),
	(185, '17670257', '  EDUARDO ', 'MEJÍA', 'GARCÍA', 'Ingeniería Informática', 'AD', '2021', 'M', '0', 1, 1, 191),
	(186, '17670020', 'ADOLFO RICARDO ', 'ROUZAUT ', 'BOTELLO', 'Ingeniería en Sistemas Computacionales', 'AD', '2021', 'M', '0', 1, 1, 192),
	(187, '17670137', 'SAMUEL', 'ROMAN', 'MANZANAREZ', 'Ingeniería en Sistemas Computacionales', 'AD', '2021', 'M', '0', 0, 1, 193),
	(188, '17670060', 'YAOZIHUATL', 'BERNARDINO', 'GILES', 'Ingeniería en Sistemas Computacionales', 'AD', '2021', 'F', '0', 1, 1, 194),
	(189, '17670086', 'ANGEL ULISES ', 'LAZARO', 'LARA', 'Ingeniería en Sistemas Computacionales', 'AD', '2021', 'M', '0', 0, 1, 195),
	(190, '16670225', 'CARLOS MISAEL', 'OSORIO', 'DE LA ROSA ', 'Ingeniería en Sistemas Computacionales', 'AD', '2021', 'M', '0', 1, 1, 196),
	(191, '17670027', 'OSVALDO', 'MORALES', 'HERNÁNDEZ', 'Ingeniería en Sistemas Computacionales', 'AD', '2021', 'M', '0', 0, 1, 197),
	(192, '17670002', 'YARIZBETH', 'LUNA', 'CASTREJÓN', 'Ingeniería en Sistemas Computacionales', 'AD', '2021', 'F', '0', 0, 1, 198),
	(193, '16670303', 'MONSERRAT', 'ZAGAL', 'AVILES', 'Ingeniería en Sistemas Computacionales', 'AD', '2021', 'F', '0', 0, 1, 199),
	(194, '16670360', 'JORGE', 'BRAVO', 'GARDUÑO', 'Ingeniería en Sistemas Computacionales', 'AD', '2021', 'M', '0', 0, 1, 200),
	(195, '17670037', 'ALEXIS ABRAHAM', 'LOPEZ', 'CABRERA', 'Ingeniería en Sistemas Computacionales', 'AD', '2021', 'M', '0', 0, 1, 201),
	(196, '16670056', 'JORGE', 'AVELINO', 'ROMÁN', 'Ingeniería en Sistemas Computacionales', 'AD', '2021', 'M', '0', 0, 1, 202),
	(197, '17670077', 'JUAN ANTONIO ', 'VILLALOBOS', 'GONZAGA', 'Ingeniería en Sistemas Computacionales', 'AD', '2021', 'M', '0', 0, 1, 203),
	(198, '16670037', 'CELIA ANDREA', 'CASTRO', 'DÍAZ', 'Ingeniería Informática', 'AD', '2021', 'F', '0', 0, 1, 204),
	(199, '17670253', 'SILVIA', 'ORTIZ', 'PINEDA', 'Ingeniería Informática', 'AD', '2021', 'F', '0', 0, 1, 205),
	(200, '17670061', 'KAREN LEYLIANNY', 'RÍOS', 'PÉREZ', 'Ingeniería en Sistemas Computacionales', 'AD', '2021', 'F', '0', 0, 1, 206),
	(201, '17670146', 'Eduardo', 'Rodriguez', 'Rodriguez', 'Ingeniería en Sistemas Computacionales', 'AD', '2021', 'M', '0', 0, 1, 207),
	(202, '17670278', 'EDER HELADIO', 'CATALAN', 'FIGUEROA', 'Ingeniería Informática', 'AD', '2021', 'M', '0', 1, 1, 208);
/*!40000 ALTER TABLE `residentes` ENABLE KEYS */;

-- Volcando estructura para tabla cat.usuarios
CREATE TABLE IF NOT EXISTS `usuarios` (
  `id` int(11) NOT NULL AUTO_INCREMENT,
  `nombre` mediumtext CHARACTER SET utf8 COLLATE utf8_unicode_ci NOT NULL,
  `usuario` varchar(60) CHARACTER SET utf8 COLLATE utf8_unicode_ci NOT NULL,
  `password` mediumtext CHARACTER SET utf8 COLLATE utf8_unicode_ci NOT NULL,
  `perfil` mediumtext CHARACTER SET utf8 COLLATE utf8_unicode_ci NOT NULL,
  `estado` int(11) unsigned NOT NULL DEFAULT '1',
  PRIMARY KEY (`id`),
  UNIQUE KEY `usuario_UNIQUE` (`usuario`)
) ENGINE=InnoDB AUTO_INCREMENT=7 DEFAULT CHARSET=utf32 COLLATE=utf32_unicode_ci;

-- Volcando datos para la tabla cat.usuarios: ~4 rows (aproximadamente)
/*!40000 ALTER TABLE `usuarios` DISABLE KEYS */;
INSERT INTO `usuarios` (`id`, `nombre`, `usuario`, `password`, `perfil`, `estado`) VALUES
	(2, 'Jorge Ortega', 'Sistemas', '$2a$07$asxx54ahjppf45sd87a5au1RGLYZNJC/N86wDHeGu9F8YjK4w7HdO', 'Administrador', 1),
	(3, 'Servicio', 'Servicio', '$2a$07$asxx54ahjppf45sd87a5auRlWjzm6l13Q4OFj9MiYt4ruVOIkyLhO', 'Servicio', 1),
	(4, 'Nazario', 'Nazario', '$2a$07$asxx54ahjppf45sd87a5auJWDyy78cbZ4vbPtcYdgBJbiIHH3rRDq', 'Secretaria', 1),
	(5, 'lab', 'lab', '$2a$07$asxx54ahjppf45sd87a5auB8n7L8KTz.0PZUa1XOsGeHhm/nD5evW', 'Laboratorio', 1),
	(6, 'Polis', 'polis', '$2a$07$asxx54ahjppf45sd87a5auCQ7a3IkB9B9UjdJ5u7SPVonZ/345tb6', 'Policia', 1);
/*!40000 ALTER TABLE `usuarios` ENABLE KEYS */;

/*!40101 SET SQL_MODE=IFNULL(@OLD_SQL_MODE, '') */;
/*!40014 SET FOREIGN_KEY_CHECKS=IFNULL(@OLD_FOREIGN_KEY_CHECKS, 1) */;
/*!40101 SET CHARACTER_SET_CLIENT=@OLD_CHARACTER_SET_CLIENT */;
/*!40111 SET SQL_NOTES=IFNULL(@OLD_SQL_NOTES, 1) */;
